x,y,elevation
-9,-9,-0.379
-9,-8.714,-0.719
-9,-8.429,-0.48
-9,-8.143,-0.607
-9,-7.857,-0.326
-9,-7.571,-0.931
-9,-7.286,-0.556
-9,-7,-1.132
-9,-6.714,-1.021
-9,-6.429,-1.091
-9,-6.143,-1.141
-9,-5.857,-1.774
-9,-5.571,-1.536
-9,-5.286,-1.373
-9,-5,-1.442
-9,-4.714,-1.643
-9,-4.429,-1.426
-9,-4.143,-1.116
-9,-3.857,-1.114
-9,-3.571,-0.901
-9,-3.286,-0.432
-9,-3,-0.267
-9,-2.714,-0.081
-9,-2.429,0.333
-9,-2.143,0.913
-9,-1.857,0.893
-9,-1.571,1.495
-9,-1.286,1.564
-9,-1,1.884
-9,-0.714,2.327
-9,-0.429,2.152
-9,-0.143,2.435
-9,0.143,2.251
-9,0.429,2.265
-9,0.714,2.326
-9,1,2.1
-9,1.286,1.807
-9,1.571,1.336
-9,1.857,0.948
-9,2.143,0.525
-9,2.429,0.102
-9,2.714,-0.04
-9,3,-0.332
-9,3.286,-0.59
-9,3.571,-1.142
-9,3.857,-1.115
-9,4.143,-1.355
-9,4.429,-1.347
-9,4.714,-1.746
-9,5,-1.599
-9,5.286,-1.322
-9,5.571,-1.817
-9,5.857,-1.602
-9,6.143,-1.687
-9,6.429,-1.267
-9,6.714,-1.136
-9,7,-1.152
-9,7.286,-0.622
-9,7.571,-0.739
-9,7.857,-0.743
-9,8.143,-0.338
-9,8.429,-0.427
-9,8.714,-0.358
-9,9,-0.654
-8.714,-9,-0.288
-8.714,-8.714,-0.476
-8.714,-8.429,-0.24
-8.714,-8.143,-0.27
-8.714,-7.857,-0.34
-8.714,-7.571,-0.296
-8.714,-7.286,-0.556
-8.714,-7,-0.727
-8.714,-6.714,-0.407
-8.714,-6.429,-1.235
-8.714,-6.143,-1.211
-8.714,-5.857,-1.299
-8.714,-5.571,-1.692
-8.714,-5.286,-0.957
-8.714,-5,-1.214
-8.714,-4.714,-1.59
-8.714,-4.429,-1.342
-8.714,-4.143,-0.753
-8.714,-3.857,-0.927
-8.714,-3.571,-0.46
-8.714,-3.286,-0.362
-8.714,-3,-0.11
-8.714,-2.714,0.429
-8.714,-2.429,0.835
-8.714,-2.143,0.835
-8.714,-1.857,0.93
-8.714,-1.571,1.284
-8.714,-1.286,1.737
-8.714,-1,1.72
-8.714,-0.714,1.757
-8.714,-0.429,2.012
-8.714,-0.143,2.141
-8.714,0.143,2.142
-8.714,0.429,2.003
-8.714,0.714,1.854
-8.714,1,2.378
-8.714,1.286,1.562
-8.714,1.571,1.113
-8.714,1.857,0.696
-8.714,2.143,0.684
-8.714,2.429,0.204
-8.714,2.714,-0.104
-8.714,3,-0.33
-8.714,3.286,-0.513
-8.714,3.571,-1.059
-8.714,3.857,-0.976
-8.714,4.143,-1.071
-8.714,4.429,-1.201
-8.714,4.714,-1.173
-8.714,5,-1.347
-8.714,5.286,-1.57
-8.714,5.571,-1.189
-8.714,5.857,-1.191
-8.714,6.143,-1.365
-8.714,6.429,-0.946
-8.714,6.714,-0.524
-8.714,7,-0.505
-8.714,7.286,-0.524
-8.714,7.571,-0.278
-8.714,7.857,-0.122
-8.714,8.143,-0.353
-8.714,8.429,-0.171
-8.714,8.714,-0.034
-8.714,9,-0.262
-8.429,-9,0.23
-8.429,-8.714,0.242
-8.429,-8.429,-0.051
-8.429,-8.143,-0.233
-8.429,-7.857,0.029
-8.429,-7.571,0.107
-8.429,-7.286,-0.167
-8.429,-7,-0.472
-8.429,-6.714,-0.776
-8.429,-6.429,-0.703
-8.429,-6.143,-1.016
-8.429,-5.857,-1.295
-8.429,-5.571,-1.444
-8.429,-5.286,-1.282
-8.429,-5,-1.081
-8.429,-4.714,-1.406
-8.429,-4.429,-1.142
-8.429,-4.143,-1.027
-8.429,-3.857,-0.899
-8.429,-3.571,-0.908
-8.429,-3.286,-0.525
-8.429,-3,-0.395
-8.429,-2.714,-0.228
-8.429,-2.429,0.29
-8.429,-2.143,0.743
-8.429,-1.857,0.766
-8.429,-1.571,1.028
-8.429,-1.286,1.3
-8.429,-1,1.865
-8.429,-0.714,1.849
-8.429,-0.429,2
-8.429,-0.143,2.385
-8.429,0.143,2.236
-8.429,0.429,1.976
-8.429,0.714,1.83
-8.429,1,1.78
-8.429,1.286,1.363
-8.429,1.571,1.215
-8.429,1.857,0.814
-8.429,2.143,0.621
-8.429,2.429,0.353
-8.429,2.714,-0.075
-8.429,3,-0.499
-8.429,3.286,-0.271
-8.429,3.571,-1.083
-8.429,3.857,-0.796
-8.429,4.143,-1.44
-8.429,4.429,-1.259
-8.429,4.714,-0.91
-8.429,5,-1.371
-8.429,5.286,-0.942
-8.429,5.571,-1.204
-8.429,5.857,-0.779
-8.429,6.143,-1.108
-8.429,6.429,-0.791
-8.429,6.714,-0.372
-8.429,7,-0.472
-8.429,7.286,-0.408
-8.429,7.571,-0.129
-8.429,7.857,-0.16
-8.429,8.143,0.004
-8.429,8.429,0.173
-8.429,8.714,0.135
-8.429,9,0.221
-8.143,-9,0.576
-8.143,-8.714,0.263
-8.143,-8.429,0.346
-8.143,-8.143,0.401
-8.143,-7.857,0.1
-8.143,-7.571,0.229
-8.143,-7.286,0.079
-8.143,-7,0.193
-8.143,-6.714,-0.193
-8.143,-6.429,-0.844
-8.143,-6.143,-0.76
-8.143,-5.857,-0.654
-8.143,-5.571,-1.475
-8.143,-5.286,-0.94
-8.143,-5,-1.174
-8.143,-4.714,-1.083
-8.143,-4.429,-1.125
-8.143,-4.143,-0.97
-8.143,-3.857,-0.922
-8.143,-3.571,-0.927
-8.143,-3.286,-0.595
-8.143,-3,-0.899
-8.143,-2.714,0.035
-8.143,-2.429,0.351
-8.143,-2.143,0.401
-8.143,-1.857,0.765
-8.143,-1.571,0.937
-8.143,-1.286,1.311
-8.143,-1,1.709
-8.143,-0.714,1.631
-8.143,-0.429,1.731
-8.143,-0.143,1.509
-8.143,0.143,1.871
-8.143,0.429,1.832
-8.143,0.714,1.736
-8.143,1,1.385
-8.143,1.286,1.192
-8.143,1.571,0.915
-8.143,1.857,0.744
-8.143,2.143,0.544
-8.143,2.429,0.287
-8.143,2.714,-0.184
-8.143,3,-0.512
-8.143,3.286,-0.83
-8.143,3.571,-0.839
-8.143,3.857,-0.825
-8.143,4.143,-0.948
-8.143,4.429,-1.354
-8.143,4.714,-1.256
-8.143,5,-0.952
-8.143,5.286,-0.923
-8.143,5.571,-0.763
-8.143,5.857,-0.681
-8.143,6.143,-0.389
-8.143,6.429,-0.548
-8.143,6.714,-0.397
-8.143,7,-0.16
-8.143,7.286,-0.058
-8.143,7.571,0.309
-8.143,7.857,0.366
-8.143,8.143,0.594
-8.143,8.429,0.522
-8.143,8.714,0.591
-8.143,9,0.068
-7.857,-9,0.417
-7.857,-8.714,0.845
-7.857,-8.429,1.03
-7.857,-8.143,0.656
-7.857,-7.857,0.74
-7.857,-7.571,0.29
-7.857,-7.286,0.301
-7.857,-7,0.145
-7.857,-6.714,0.022
-7.857,-6.429,-0.153
-7.857,-6.143,-0.191
-7.857,-5.857,-0.728
-7.857,-5.571,-0.729
-7.857,-5.286,-0.841
-7.857,-5,-1.286
-7.857,-4.714,-1.215
-7.857,-4.429,-1.083
-7.857,-4.143,-0.879
-7.857,-3.857,-0.857
-7.857,-3.571,-0.552
-7.857,-3.286,-0.616
-7.857,-3,-0.31
-7.857,-2.714,-0.279
-7.857,-2.429,0.1
-7.857,-2.143,0.479
-7.857,-1.857,0.386
-7.857,-1.571,0.472
-7.857,-1.286,0.899
-7.857,-1,0.968
-7.857,-0.714,1.485
-7.857,-0.429,1.85
-7.857,-0.143,1.419
-7.857,0.143,1.179
-7.857,0.429,1.411
-7.857,0.714,1.356
-7.857,1,1.056
-7.857,1.286,1.209
-7.857,1.571,0.83
-7.857,1.857,0.926
-7.857,2.143,0.468
-7.857,2.429,0.282
-7.857,2.714,-0.072
-7.857,3,-0.428
-7.857,3.286,-0.643
-7.857,3.571,-0.554
-7.857,3.857,-1.166
-7.857,4.143,-0.962
-7.857,4.429,-0.607
-7.857,4.714,-1.165
-7.857,5,-0.803
-7.857,5.286,-0.79
-7.857,5.571,-0.541
-7.857,5.857,-0.395
-7.857,6.143,-0.537
-7.857,6.429,-0.094
-7.857,6.714,0.282
-7.857,7,0.264
-7.857,7.286,-0.086
-7.857,7.571,0.729
-7.857,7.857,0.759
-7.857,8.143,1.084
-7.857,8.429,0.943
-7.857,8.714,0.771
-7.857,9,0.861
-7.571,-9,0.871
-7.571,-8.714,1.213
-7.571,-8.429,1.015
-7.571,-8.143,0.951
-7.571,-7.857,1.391
-7.571,-7.571,0.659
-7.571,-7.286,0.597
-7.571,-7,0.906
-7.571,-6.714,0.414
-7.571,-6.429,0.132
-7.571,-6.143,-0.205
-7.571,-5.857,-0.597
-7.571,-5.571,-0.463
-7.571,-5.286,-0.284
-7.571,-5,-0.865
-7.571,-4.714,-1.126
-7.571,-4.429,-0.798
-7.571,-4.143,-1.001
-7.571,-3.857,-0.885
-7.571,-3.571,-0.988
-7.571,-3.286,-0.413
-7.571,-3,-0.422
-7.571,-2.714,-0.041
-7.571,-2.429,0.1
-7.571,-2.143,0.19
-7.571,-1.857,0.54
-7.571,-1.571,0.585
-7.571,-1.286,0.785
-7.571,-1,0.865
-7.571,-0.714,0.965
-7.571,-0.429,1.579
-7.571,-0.143,1.224
-7.571,0.143,1.172
-7.571,0.429,1.314
-7.571,0.714,1.214
-7.571,1,1.403
-7.571,1.286,1.13
-7.571,1.571,0.635
-7.571,1.857,0.594
-7.571,2.143,0.541
-7.571,2.429,0.207
-7.571,2.714,-0.548
-7.571,3,-0.375
-7.571,3.286,-0.457
-7.571,3.571,-0.883
-7.571,3.857,-0.76
-7.571,4.143,-1.281
-7.571,4.429,-1.17
-7.571,4.714,-0.98
-7.571,5,-0.513
-7.571,5.286,-0.768
-7.571,5.571,-0.624
-7.571,5.857,-0.409
-7.571,6.143,-0.196
-7.571,6.429,0.326
-7.571,6.714,0.236
-7.571,7,0.693
-7.571,7.286,0.763
-7.571,7.571,1.066
-7.571,7.857,1.36
-7.571,8.143,1.073
-7.571,8.429,1.455
-7.571,8.714,1.047
-7.571,9,1.503
-7.286,-9,1.524
-7.286,-8.714,1.793
-7.286,-8.429,1.361
-7.286,-8.143,1.646
-7.286,-7.857,1.257
-7.286,-7.571,1.301
-7.286,-7.286,1.342
-7.286,-7,1.609
-7.286,-6.714,0.824
-7.286,-6.429,0.432
-7.286,-6.143,0.099
-7.286,-5.857,0.213
-7.286,-5.571,0.311
-7.286,-5.286,-0.414
-7.286,-5,-0.87
-7.286,-4.714,-0.867
-7.286,-4.429,-0.632
-7.286,-4.143,-1.062
-7.286,-3.857,-0.986
-7.286,-3.571,-0.566
-7.286,-3.286,-0.614
-7.286,-3,-0.742
-7.286,-2.714,-0.172
-7.286,-2.429,-0.068
-7.286,-2.143,0.085
-7.286,-1.857,0.445
-7.286,-1.571,0.386
-7.286,-1.286,0.65
-7.286,-1,0.958
-7.286,-0.714,0.916
-7.286,-0.429,0.946
-7.286,-0.143,1.568
-7.286,0.143,0.682
-7.286,0.429,1.233
-7.286,0.714,0.918
-7.286,1,1.109
-7.286,1.286,0.68
-7.286,1.571,0.561
-7.286,1.857,0.534
-7.286,2.143,-0.214
-7.286,2.429,-0.412
-7.286,2.714,-0.419
-7.286,3,-0.754
-7.286,3.286,-0.552
-7.286,3.571,-0.873
-7.286,3.857,-0.489
-7.286,4.143,-1.133
-7.286,4.429,-0.781
-7.286,4.714,-0.537
-7.286,5,-0.383
-7.286,5.286,-0.352
-7.286,5.571,-0.27
-7.286,5.857,0.181
-7.286,6.143,0.041
-7.286,6.429,0.841
-7.286,6.714,0.797
-7.286,7,0.356
-7.286,7.286,1.15
-7.286,7.571,0.951
-7.286,7.857,1.217
-7.286,8.143,1.282
-7.286,8.429,1.758
-7.286,8.714,1.198
-7.286,9,1.558
-7,-9,1.588
-7,-8.714,1.494
-7,-8.429,1.552
-7,-8.143,2.144
-7,-7.857,1.824
-7,-7.571,1.609
-7,-7.286,1.322
-7,-7,0.948
-7,-6.714,1.33
-7,-6.429,0.759
-7,-6.143,0.448
-7,-5.857,0.495
-7,-5.571,-0.07
-7,-5.286,-0.303
-7,-5,-0.495
-7,-4.714,-0.858
-7,-4.429,-0.592
-7,-4.143,-1.029
-7,-3.857,-0.695
-7,-3.571,-0.458
-7,-3.286,-0.696
-7,-3,-0.757
-7,-2.714,-0.21
-7,-2.429,-0.484
-7,-2.143,-0.06
-7,-1.857,0.189
-7,-1.571,0.405
-7,-1.286,0.61
-7,-1,0.394
-7,-0.714,0.687
-7,-0.429,0.858
-7,-0.143,0.654
-7,0.143,0.776
-7,0.429,1.075
-7,0.714,0.947
-7,1,0.848
-7,1.286,0.114
-7,1.571,0.383
-7,1.857,-0.031
-7,2.143,-0.41
-7,2.429,-0.018
-7,2.714,-0.478
-7,3,-0.515
-7,3.286,-0.706
-7,3.571,-0.638
-7,3.857,-0.616
-7,4.143,-0.698
-7,4.429,-0.759
-7,4.714,-0.72
-7,5,-0.236
-7,5.286,-0.062
-7,5.571,0.12
-7,5.857,0.12
-7,6.143,0.322
-7,6.429,0.769
-7,6.714,0.965
-7,7,0.823
-7,7.286,1.441
-7,7.571,1.607
-7,7.857,1.965
-7,8.143,1.756
-7,8.429,1.918
-7,8.714,1.873
-7,9,1.717
-6.714,-9,2.35
-6.714,-8.714,2.071
-6.714,-8.429,2.214
-6.714,-8.143,2.115
-6.714,-7.857,2.365
-6.714,-7.571,1.959
-6.714,-7.286,1.5
-6.714,-7,1.851
-6.714,-6.714,1.055
-6.714,-6.429,1.277
-6.714,-6.143,0.866
-6.714,-5.857,0.167
-6.714,-5.571,-0.108
-6.714,-5.286,-0.218
-6.714,-5,-0.513
-6.714,-4.714,-0.572
-6.714,-4.429,-0.313
-6.714,-4.143,-0.934
-6.714,-3.857,-0.801
-6.714,-3.571,-0.843
-6.714,-3.286,-0.494
-6.714,-3,-0.788
-6.714,-2.714,-0.597
-6.714,-2.429,-0.292
-6.714,-2.143,-0.481
-6.714,-1.857,-0.129
-6.714,-1.571,0.381
-6.714,-1.286,0.237
-6.714,-1,0.437
-6.714,-0.714,0.63
-6.714,-0.429,0.497
-6.714,-0.143,0.665
-6.714,0.143,0.438
-6.714,0.429,0.677
-6.714,0.714,0.644
-6.714,1,0.216
-6.714,1.286,0.539
-6.714,1.571,0.075
-6.714,1.857,0.034
-6.714,2.143,0.006
-6.714,2.429,-0.134
-6.714,2.714,-0.474
-6.714,3,-0.96
-6.714,3.286,-0.333
-6.714,3.571,-0.943
-6.714,3.857,-0.453
-6.714,4.143,-0.631
-6.714,4.429,-0.57
-6.714,4.714,-0.239
-6.714,5,-0.533
-6.714,5.286,-0.179
-6.714,5.571,0.524
-6.714,5.857,0.358
-6.714,6.143,0.704
-6.714,6.429,0.934
-6.714,6.714,1.402
-6.714,7,1.463
-6.714,7.286,2.18
-6.714,7.571,2.061
-6.714,7.857,2.067
-6.714,8.143,2.461
-6.714,8.429,2.236
-6.714,8.714,2.145
-6.714,9,1.903
-6.429,-9,2.527
-6.429,-8.714,2.88
-6.429,-8.429,2.705
-6.429,-8.143,2.554
-6.429,-7.857,2.677
-6.429,-7.571,2.203
-6.429,-7.286,2.49
-6.429,-7,2.143
-6.429,-6.714,1.395
-6.429,-6.429,1.234
-6.429,-6.143,0.869
-6.429,-5.857,0.652
-6.429,-5.571,0.397
-6.429,-5.286,0.18
-6.429,-5,-0.196
-6.429,-4.714,-0.141
-6.429,-4.429,-0.827
-6.429,-4.143,-0.855
-6.429,-3.857,-0.665
-6.429,-3.571,-0.548
-6.429,-3.286,-0.874
-6.429,-3,-0.609
-6.429,-2.714,-0.222
-6.429,-2.429,-0.499
-6.429,-2.143,-0.333
-6.429,-1.857,-0.03
-6.429,-1.571,0.189
-6.429,-1.286,0.321
-6.429,-1,0.373
-6.429,-0.714,0.133
-6.429,-0.429,0.62
-6.429,-0.143,0.645
-6.429,0.143,0.652
-6.429,0.429,0.458
-6.429,0.714,0.405
-6.429,1,0.432
-6.429,1.286,0.238
-6.429,1.571,0.051
-6.429,1.857,-0.344
-6.429,2.143,-0.437
-6.429,2.429,-0.61
-6.429,2.714,-0.455
-6.429,3,-0.404
-6.429,3.286,-0.97
-6.429,3.571,-0.573
-6.429,3.857,-0.435
-6.429,4.143,-0.384
-6.429,4.429,-0.346
-6.429,4.714,-0.423
-6.429,5,-0.468
-6.429,5.286,0.228
-6.429,5.571,0.624
-6.429,5.857,0.4
-6.429,6.143,1.197
-6.429,6.429,1.144
-6.429,6.714,1.852
-6.429,7,1.794
-6.429,7.286,2.154
-6.429,7.571,2.336
-6.429,7.857,2.514
-6.429,8.143,2.553
-6.429,8.429,2.445
-6.429,8.714,2.803
-6.429,9,2.388
-6.143,-9,2.771
-6.143,-8.714,2.588
-6.143,-8.429,3.288
-6.143,-8.143,2.851
-6.143,-7.857,2.475
-6.143,-7.571,2.489
-6.143,-7.286,2.712
-6.143,-7,1.898
-6.143,-6.714,1.782
-6.143,-6.429,1.434
-6.143,-6.143,1.169
-6.143,-5.857,1.118
-6.143,-5.571,0.657
-6.143,-5.286,0.455
-6.143,-5,-0.148
-6.143,-4.714,-0.017
-6.143,-4.429,-0.389
-6.143,-4.143,-0.6
-6.143,-3.857,-0.459
-6.143,-3.571,-0.837
-6.143,-3.286,-0.753
-6.143,-3,-0.522
-6.143,-2.714,-0.679
-6.143,-2.429,-0.61
-6.143,-2.143,-0.568
-6.143,-1.857,-0.15
-6.143,-1.571,-0.058
-6.143,-1.286,-0.018
-6.143,-1,0.192
-6.143,-0.714,0.164
-6.143,-0.429,0.129
-6.143,-0.143,0.184
-6.143,0.143,0.671
-6.143,0.429,0.171
-6.143,0.714,-0.012
-6.143,1,0.245
-6.143,1.286,-0.109
-6.143,1.571,0.155
-6.143,1.857,-0.515
-6.143,2.143,-0.163
-6.143,2.429,-0.799
-6.143,2.714,-0.458
-6.143,3,-0.563
-6.143,3.286,-0.871
-6.143,3.571,-0.582
-6.143,3.857,-0.625
-6.143,4.143,-0.277
-6.143,4.429,-0.104
-6.143,4.714,-0.287
-6.143,5,-0.112
-6.143,5.286,0.252
-6.143,5.571,0.676
-6.143,5.857,0.963
-6.143,6.143,1.386
-6.143,6.429,1.697
-6.143,6.714,1.986
-6.143,7,2.194
-6.143,7.286,2.368
-6.143,7.571,2.816
-6.143,7.857,2.726
-6.143,8.143,2.898
-6.143,8.429,2.857
-6.143,8.714,2.658
-6.143,9,2.909
-5.857,-9,2.827
-5.857,-8.714,3.585
-5.857,-8.429,2.966
-5.857,-8.143,3.21
-5.857,-7.857,3.214
-5.857,-7.571,3.282
-5.857,-7.286,2.561
-5.857,-7,2.728
-5.857,-6.714,1.865
-5.857,-6.429,1.541
-5.857,-6.143,1.446
-5.857,-5.857,1.186
-5.857,-5.571,0.858
-5.857,-5.286,0.325
-5.857,-5,0.338
-5.857,-4.714,-0.154
-5.857,-4.429,-0.381
-5.857,-4.143,-0.563
-5.857,-3.857,-0.797
-5.857,-3.571,-0.718
-5.857,-3.286,-0.65
-5.857,-3,-0.259
-5.857,-2.714,-0.582
-5.857,-2.429,-0.704
-5.857,-2.143,-0.329
-5.857,-1.857,-0.433
-5.857,-1.571,-0.657
-5.857,-1.286,-0.03
-5.857,-1,0.079
-5.857,-0.714,-0.037
-5.857,-0.429,-0.321
-5.857,-0.143,0.416
-5.857,0.143,0.321
-5.857,0.429,0.1
-5.857,0.714,-0.194
-5.857,1,-0.145
-5.857,1.286,0.042
-5.857,1.571,-0.216
-5.857,1.857,-0.196
-5.857,2.143,-0.44
-5.857,2.429,-0.426
-5.857,2.714,-0.645
-5.857,3,-0.588
-5.857,3.286,-0.654
-5.857,3.571,-0.724
-5.857,3.857,-0.695
-5.857,4.143,-0.608
-5.857,4.429,-0.111
-5.857,4.714,-0.187
-5.857,5,0.24
-5.857,5.286,0.337
-5.857,5.571,0.325
-5.857,5.857,1.129
-5.857,6.143,1.346
-5.857,6.429,1.983
-5.857,6.714,2.014
-5.857,7,2.451
-5.857,7.286,2.801
-5.857,7.571,3.018
-5.857,7.857,2.942
-5.857,8.143,2.684
-5.857,8.429,3.193
-5.857,8.714,3.337
-5.857,9,2.775
-5.571,-9,3.219
-5.571,-8.714,3.642
-5.571,-8.429,3.211
-5.571,-8.143,3.46
-5.571,-7.857,3.494
-5.571,-7.571,3.383
-5.571,-7.286,3.203
-5.571,-7,2.956
-5.571,-6.714,2.708
-5.571,-6.429,1.833
-5.571,-6.143,1.724
-5.571,-5.857,0.993
-5.571,-5.571,0.988
-5.571,-5.286,0.328
-5.571,-5,0.187
-5.571,-4.714,0.054
-5.571,-4.429,-0.119
-5.571,-4.143,-0.562
-5.571,-3.857,-0.588
-5.571,-3.571,-0.669
-5.571,-3.286,-1.146
-5.571,-3,-0.429
-5.571,-2.714,-0.9
-5.571,-2.429,-0.725
-5.571,-2.143,-0.521
-5.571,-1.857,-0.367
-5.571,-1.571,-0.278
-5.571,-1.286,-0.164
-5.571,-1,-0.291
-5.571,-0.714,-0.237
-5.571,-0.429,-0.049
-5.571,-0.143,-0.237
-5.571,0.143,-0.043
-5.571,0.429,-0.171
-5.571,0.714,0.111
-5.571,1,-0.017
-5.571,1.286,0.019
-5.571,1.571,-0.486
-5.571,1.857,-0.928
-5.571,2.143,-0.614
-5.571,2.429,-0.508
-5.571,2.714,-0.263
-5.571,3,-0.767
-5.571,3.286,-0.726
-5.571,3.571,-1.105
-5.571,3.857,-0.696
-5.571,4.143,-0.332
-5.571,4.429,-0.117
-5.571,4.714,-0.047
-5.571,5,-0.009
-5.571,5.286,0.946
-5.571,5.571,1.041
-5.571,5.857,1.6
-5.571,6.143,1.614
-5.571,6.429,2.141
-5.571,6.714,2.075
-5.571,7,2.095
-5.571,7.286,2.958
-5.571,7.571,3.302
-5.571,7.857,3.343
-5.571,8.143,3.059
-5.571,8.429,3.405
-5.571,8.714,3.429
-5.571,9,3.317
-5.286,-9,3.681
-5.286,-8.714,3.5
-5.286,-8.429,3.591
-5.286,-8.143,3.606
-5.286,-7.857,3.6
-5.286,-7.571,3.437
-5.286,-7.286,3.112
-5.286,-7,2.736
-5.286,-6.714,2.796
-5.286,-6.429,2.209
-5.286,-6.143,1.719
-5.286,-5.857,1.431
-5.286,-5.571,1.257
-5.286,-5.286,1.042
-5.286,-5,0.401
-5.286,-4.714,0.262
-5.286,-4.429,-0.086
-5.286,-4.143,-0.319
-5.286,-3.857,-0.644
-5.286,-3.571,-0.648
-5.286,-3.286,-0.697
-5.286,-3,-1.125
-5.286,-2.714,-0.795
-5.286,-2.429,-1.15
-5.286,-2.143,-0.907
-5.286,-1.857,-0.286
-5.286,-1.571,-0.412
-5.286,-1.286,-0.152
-5.286,-1,-0.17
-5.286,-0.714,-0.408
-5.286,-0.429,-0.222
-5.286,-0.143,-0.015
-5.286,0.143,0.063
-5.286,0.429,-0.266
-5.286,0.714,-0.082
-5.286,1,-0.155
-5.286,1.286,-0.235
-5.286,1.571,-0.149
-5.286,1.857,-0.417
-5.286,2.143,-0.642
-5.286,2.429,-0.301
-5.286,2.714,-0.517
-5.286,3,-0.811
-5.286,3.286,-0.51
-5.286,3.571,-0.821
-5.286,3.857,-0.663
-5.286,4.143,-0.258
-5.286,4.429,-0.168
-5.286,4.714,0.093
-5.286,5,0.452
-5.286,5.286,0.912
-5.286,5.571,1.435
-5.286,5.857,1.465
-5.286,6.143,1.797
-5.286,6.429,2.07
-5.286,6.714,2.595
-5.286,7,3.209
-5.286,7.286,2.978
-5.286,7.571,3.391
-5.286,7.857,3.72
-5.286,8.143,3.691
-5.286,8.429,3.476
-5.286,8.714,3.663
-5.286,9,3.645
-5,-9,4.018
-5,-8.714,3.883
-5,-8.429,3.892
-5,-8.143,3.548
-5,-7.857,4.078
-5,-7.571,3.729
-5,-7.286,3.283
-5,-7,2.756
-5,-6.714,2.775
-5,-6.429,2.339
-5,-6.143,2.256
-5,-5.857,1.546
-5,-5.571,1.399
-5,-5.286,0.841
-5,-5,0.692
-5,-4.714,0.096
-5,-4.429,-0.032
-5,-4.143,-0.402
-5,-3.857,-0.497
-5,-3.571,-0.555
-5,-3.286,-0.696
-5,-3,-0.733
-5,-2.714,-0.827
-5,-2.429,-0.461
-5,-2.143,-0.756
-5,-1.857,-0.429
-5,-1.571,-0.339
-5,-1.286,-0.35
-5,-1,-0.185
-5,-0.714,-0.442
-5,-0.429,-0.34
-5,-0.143,-0.241
-5,0.143,-0.118
-5,0.429,-0.22
-5,0.714,-0.386
-5,1,-0.161
-5,1.286,-0.415
-5,1.571,-0.497
-5,1.857,-0.589
-5,2.143,-0.83
-5,2.429,-0.635
-5,2.714,-0.699
-5,3,-1.102
-5,3.286,-0.848
-5,3.571,-0.577
-5,3.857,-0.686
-5,4.143,-0.501
-5,4.429,-0.453
-5,4.714,0.255
-5,5,0.787
-5,5.286,0.896
-5,5.571,1.026
-5,5.857,1.752
-5,6.143,2.325
-5,6.429,2.555
-5,6.714,2.629
-5,7,3.21
-5,7.286,3.436
-5,7.571,3.626
-5,7.857,4.002
-5,8.143,3.872
-5,8.429,3.89
-5,8.714,4.073
-5,9,3.766
-4.714,-9,3.961
-4.714,-8.714,4.07
-4.714,-8.429,4.09
-4.714,-8.143,4.176
-4.714,-7.857,4.049
-4.714,-7.571,3.844
-4.714,-7.286,3.724
-4.714,-7,3.223
-4.714,-6.714,2.902
-4.714,-6.429,2.342
-4.714,-6.143,2.445
-4.714,-5.857,1.656
-4.714,-5.571,1.164
-4.714,-5.286,1.202
-4.714,-5,0.429
-4.714,-4.714,0.129
-4.714,-4.429,-0.139
-4.714,-4.143,-0.26
-4.714,-3.857,-0.53
-4.714,-3.571,-0.774
-4.714,-3.286,-0.81
-4.714,-3,-1.147
-4.714,-2.714,-0.792
-4.714,-2.429,-0.664
-4.714,-2.143,-1.006
-4.714,-1.857,-0.627
-4.714,-1.571,-0.639
-4.714,-1.286,-0.67
-4.714,-1,-0.253
-4.714,-0.714,-0.458
-4.714,-0.429,-0.237
-4.714,-0.143,-0.151
-4.714,0.143,-0.163
-4.714,0.429,-0.41
-4.714,0.714,-0.496
-4.714,1,-0.374
-4.714,1.286,-0.348
-4.714,1.571,-0.419
-4.714,1.857,-0.486
-4.714,2.143,-0.755
-4.714,2.429,-0.978
-4.714,2.714,-0.987
-4.714,3,-0.798
-4.714,3.286,-0.469
-4.714,3.571,-0.501
-4.714,3.857,-0.327
-4.714,4.143,-0.38
-4.714,4.429,0
-4.714,4.714,0.434
-4.714,5,0.714
-4.714,5.286,1.095
-4.714,5.571,1.286
-4.714,5.857,1.75
-4.714,6.143,2.351
-4.714,6.429,2.543
-4.714,6.714,2.979
-4.714,7,3.385
-4.714,7.286,3.538
-4.714,7.571,3.854
-4.714,7.857,4.01
-4.714,8.143,4.508
-4.714,8.429,3.972
-4.714,8.714,3.866
-4.714,9,4.193
-4.429,-9,4.086
-4.429,-8.714,4.647
-4.429,-8.429,4.313
-4.429,-8.143,4.142
-4.429,-7.857,3.991
-4.429,-7.571,4.154
-4.429,-7.286,3.628
-4.429,-7,3.447
-4.429,-6.714,2.873
-4.429,-6.429,2.592
-4.429,-6.143,2.322
-4.429,-5.857,1.646
-4.429,-5.571,1.698
-4.429,-5.286,0.95
-4.429,-5,0.796
-4.429,-4.714,0.368
-4.429,-4.429,0.213
-4.429,-4.143,-0.083
-4.429,-3.857,-0.679
-4.429,-3.571,-0.312
-4.429,-3.286,-0.807
-4.429,-3,-0.541
-4.429,-2.714,-1.054
-4.429,-2.429,-0.561
-4.429,-2.143,-0.818
-4.429,-1.857,-0.534
-4.429,-1.571,-0.597
-4.429,-1.286,-0.589
-4.429,-1,-0.572
-4.429,-0.714,-0.529
-4.429,-0.429,-0.371
-4.429,-0.143,-0.394
-4.429,0.143,-0.18
-4.429,0.429,-0.321
-4.429,0.714,-0.334
-4.429,1,-0.186
-4.429,1.286,-0.303
-4.429,1.571,-0.578
-4.429,1.857,-0.87
-4.429,2.143,-0.56
-4.429,2.429,-0.71
-4.429,2.714,-1.021
-4.429,3,-0.742
-4.429,3.286,-0.852
-4.429,3.571,-0.651
-4.429,3.857,-0.445
-4.429,4.143,-0.042
-4.429,4.429,-0.218
-4.429,4.714,0.464
-4.429,5,0.694
-4.429,5.286,1.181
-4.429,5.571,1.712
-4.429,5.857,2.041
-4.429,6.143,2.549
-4.429,6.429,2.993
-4.429,6.714,3.305
-4.429,7,3.641
-4.429,7.286,3.587
-4.429,7.571,4.002
-4.429,7.857,4.201
-4.429,8.143,4.245
-4.429,8.429,4.217
-4.429,8.714,4.271
-4.429,9,3.92
-4.143,-9,4.581
-4.143,-8.714,4.298
-4.143,-8.429,4.258
-4.143,-8.143,4.51
-4.143,-7.857,4.306
-4.143,-7.571,3.759
-4.143,-7.286,3.926
-4.143,-7,3.745
-4.143,-6.714,3.174
-4.143,-6.429,2.727
-4.143,-6.143,2.386
-4.143,-5.857,2.535
-4.143,-5.571,1.761
-4.143,-5.286,0.85
-4.143,-5,0.876
-4.143,-4.714,0.063
-4.143,-4.429,-0.043
-4.143,-4.143,-0.193
-4.143,-3.857,-0.046
-4.143,-3.571,-0.537
-4.143,-3.286,-0.574
-4.143,-3,-0.853
-4.143,-2.714,-1.073
-4.143,-2.429,-0.811
-4.143,-2.143,-0.908
-4.143,-1.857,-1.025
-4.143,-1.571,-0.457
-4.143,-1.286,-0.369
-4.143,-1,-0.434
-4.143,-0.714,-0.373
-4.143,-0.429,-0.156
-4.143,-0.143,-0.06
-4.143,0.143,-0.035
-4.143,0.429,-0.104
-4.143,0.714,-0.316
-4.143,1,-0.524
-4.143,1.286,-0.458
-4.143,1.571,-0.456
-4.143,1.857,-0.769
-4.143,2.143,-0.807
-4.143,2.429,-0.955
-4.143,2.714,-0.707
-4.143,3,-0.312
-4.143,3.286,-0.697
-4.143,3.571,-0.583
-4.143,3.857,-0.198
-4.143,4.143,-0.09
-4.143,4.429,0.216
-4.143,4.714,0.356
-4.143,5,0.664
-4.143,5.286,1.066
-4.143,5.571,1.487
-4.143,5.857,2.139
-4.143,6.143,2.362
-4.143,6.429,2.835
-4.143,6.714,3.465
-4.143,7,3.472
-4.143,7.286,3.774
-4.143,7.571,4.307
-4.143,7.857,3.858
-4.143,8.143,4.474
-4.143,8.429,4.578
-4.143,8.714,4.381
-4.143,9,4.429
-3.857,-9,4.457
-3.857,-8.714,4.672
-3.857,-8.429,4.842
-3.857,-8.143,4.349
-3.857,-7.857,4.05
-3.857,-7.571,3.857
-3.857,-7.286,3.978
-3.857,-7,3.675
-3.857,-6.714,3.467
-3.857,-6.429,3.025
-3.857,-6.143,2.528
-3.857,-5.857,2.185
-3.857,-5.571,1.706
-3.857,-5.286,1.254
-3.857,-5,0.617
-3.857,-4.714,0.457
-3.857,-4.429,0.068
-3.857,-4.143,-0.367
-3.857,-3.857,-0.358
-3.857,-3.571,-0.609
-3.857,-3.286,-0.316
-3.857,-3,-0.401
-3.857,-2.714,-0.695
-3.857,-2.429,-1.041
-3.857,-2.143,-0.573
-3.857,-1.857,-0.559
-3.857,-1.571,-0.25
-3.857,-1.286,-0.557
-3.857,-1,-0.502
-3.857,-0.714,-0.29
-3.857,-0.429,-0.291
-3.857,-0.143,-0.387
-3.857,0.143,-0.223
-3.857,0.429,-0.441
-3.857,0.714,-0.329
-3.857,1,-0.589
-3.857,1.286,-0.59
-3.857,1.571,-0.917
-3.857,1.857,-0.231
-3.857,2.143,-0.349
-3.857,2.429,-0.743
-3.857,2.714,-0.558
-3.857,3,-0.846
-3.857,3.286,-0.667
-3.857,3.571,-0.632
-3.857,3.857,0.026
-3.857,4.143,-0.097
-3.857,4.429,0.071
-3.857,4.714,0.396
-3.857,5,0.733
-3.857,5.286,1.133
-3.857,5.571,1.485
-3.857,5.857,2.019
-3.857,6.143,2.837
-3.857,6.429,3.218
-3.857,6.714,3.38
-3.857,7,3.265
-3.857,7.286,3.536
-3.857,7.571,4.08
-3.857,7.857,4.278
-3.857,8.143,4.203
-3.857,8.429,4.469
-3.857,8.714,4.494
-3.857,9,4.348
-3.571,-9,4.382
-3.571,-8.714,4.7
-3.571,-8.429,4.644
-3.571,-8.143,4.652
-3.571,-7.857,4.662
-3.571,-7.571,4.269
-3.571,-7.286,4.043
-3.571,-7,3.854
-3.571,-6.714,3.387
-3.571,-6.429,3.067
-3.571,-6.143,2.372
-3.571,-5.857,2.357
-3.571,-5.571,1.839
-3.571,-5.286,1.277
-3.571,-5,1.083
-3.571,-4.714,0.665
-3.571,-4.429,0.54
-3.571,-4.143,-0.07
-3.571,-3.857,-0.247
-3.571,-3.571,-0.208
-3.571,-3.286,-0.524
-3.571,-3,-0.968
-3.571,-2.714,-0.543
-3.571,-2.429,-0.837
-3.571,-2.143,-0.662
-3.571,-1.857,-0.491
-3.571,-1.571,-0.308
-3.571,-1.286,-0.576
-3.571,-1,-0.078
-3.571,-0.714,-0.567
-3.571,-0.429,-0.383
-3.571,-0.143,-0.448
-3.571,0.143,-0.245
-3.571,0.429,-0.303
-3.571,0.714,-0.272
-3.571,1,-0.465
-3.571,1.286,-0.609
-3.571,1.571,-0.253
-3.571,1.857,-0.491
-3.571,2.143,-0.672
-3.571,2.429,-0.673
-3.571,2.714,-0.806
-3.571,3,-0.613
-3.571,3.286,-0.48
-3.571,3.571,-0.411
-3.571,3.857,-0.271
-3.571,4.143,0.055
-3.571,4.429,0.148
-3.571,4.714,0.668
-3.571,5,1.279
-3.571,5.286,1.135
-3.571,5.571,1.722
-3.571,5.857,1.874
-3.571,6.143,2.352
-3.571,6.429,2.794
-3.571,6.714,3.217
-3.571,7,3.434
-3.571,7.286,4.096
-3.571,7.571,4.388
-3.571,7.857,4.221
-3.571,8.143,4.637
-3.571,8.429,4.631
-3.571,8.714,4.556
-3.571,9,4.455
-3.286,-9,4.469
-3.286,-8.714,4.596
-3.286,-8.429,4.564
-3.286,-8.143,4.356
-3.286,-7.857,4.214
-3.286,-7.571,4.002
-3.286,-7.286,4.327
-3.286,-7,3.82
-3.286,-6.714,3.5
-3.286,-6.429,2.901
-3.286,-6.143,2.539
-3.286,-5.857,2.101
-3.286,-5.571,1.631
-3.286,-5.286,1.5
-3.286,-5,0.931
-3.286,-4.714,0.759
-3.286,-4.429,0.68
-3.286,-4.143,-0.417
-3.286,-3.857,-0.313
-3.286,-3.571,-0.416
-3.286,-3.286,-0.535
-3.286,-3,-0.814
-3.286,-2.714,-0.77
-3.286,-2.429,-0.634
-3.286,-2.143,-0.598
-3.286,-1.857,-0.43
-3.286,-1.571,-0.352
-3.286,-1.286,-0.419
-3.286,-1,-0.306
-3.286,-0.714,0.226
-3.286,-0.429,0.326
-3.286,-0.143,-0.158
-3.286,0.143,-0.337
-3.286,0.429,-0.262
-3.286,0.714,-0.048
-3.286,1,-0.067
-3.286,1.286,-0.595
-3.286,1.571,-0.391
-3.286,1.857,-0.508
-3.286,2.143,-0.828
-3.286,2.429,-0.735
-3.286,2.714,-0.473
-3.286,3,-0.64
-3.286,3.286,-0.355
-3.286,3.571,-0.465
-3.286,3.857,0.039
-3.286,4.143,0.065
-3.286,4.429,0.203
-3.286,4.714,0.78
-3.286,5,0.8
-3.286,5.286,1.251
-3.286,5.571,2.011
-3.286,5.857,2.209
-3.286,6.143,2.345
-3.286,6.429,2.957
-3.286,6.714,3.136
-3.286,7,3.588
-3.286,7.286,3.741
-3.286,7.571,4.505
-3.286,7.857,4.617
-3.286,8.143,4.479
-3.286,8.429,4.464
-3.286,8.714,4.684
-3.286,9,4.165
-3,-9,4.409
-3,-8.714,4.454
-3,-8.429,4.395
-3,-8.143,4.441
-3,-7.857,4.55
-3,-7.571,4.097
-3,-7.286,4.218
-3,-7,3.751
-3,-6.714,3.176
-3,-6.429,2.977
-3,-6.143,2.31
-3,-5.857,2.242
-3,-5.571,1.56
-3,-5.286,1.23
-3,-5,0.983
-3,-4.714,1.101
-3,-4.429,0.395
-3,-4.143,0.073
-3,-3.857,-0.053
-3,-3.571,-0.57
-3,-3.286,-0.441
-3,-3,-0.239
-3,-2.714,-0.286
-3,-2.429,-0.744
-3,-2.143,-0.442
-3,-1.857,-0.475
-3,-1.571,-0.405
-3,-1.286,-0.541
-3,-1,-0.477
-3,-0.714,0.047
-3,-0.429,0.064
-3,-0.143,-0.175
-3,0.143,0.108
-3,0.429,-0.358
-3,0.714,-0.201
-3,1,-0.215
-3,1.286,0.163
-3,1.571,-0.543
-3,1.857,-0.281
-3,2.143,-0.213
-3,2.429,-0.407
-3,2.714,-0.536
-3,3,-0.105
-3,3.286,-0.483
-3,3.571,-0.254
-3,3.857,0.043
-3,4.143,0.109
-3,4.429,0.275
-3,4.714,0.624
-3,5,1.193
-3,5.286,1.24
-3,5.571,2.01
-3,5.857,2.393
-3,6.143,2.765
-3,6.429,2.728
-3,6.714,3.49
-3,7,3.689
-3,7.286,4.035
-3,7.571,4.153
-3,7.857,4.199
-3,8.143,4.621
-3,8.429,4.576
-3,8.714,4.455
-3,9,4.174
-2.714,-9,4.248
-2.714,-8.714,4.592
-2.714,-8.429,4.42
-2.714,-8.143,4.438
-2.714,-7.857,4.15
-2.714,-7.571,4.17
-2.714,-7.286,3.647
-2.714,-7,3.611
-2.714,-6.714,2.989
-2.714,-6.429,2.86
-2.714,-6.143,2.336
-2.714,-5.857,2.345
-2.714,-5.571,1.691
-2.714,-5.286,1.608
-2.714,-5,1.192
-2.714,-4.714,0.602
-2.714,-4.429,0.233
-2.714,-4.143,0.075
-2.714,-3.857,-0.009
-2.714,-3.571,-0.303
-2.714,-3.286,-0.117
-2.714,-3,-0.53
-2.714,-2.714,-0.205
-2.714,-2.429,-0.222
-2.714,-2.143,-0.208
-2.714,-1.857,-0.171
-2.714,-1.571,0.12
-2.714,-1.286,-0.369
-2.714,-1,-0.149
-2.714,-0.714,0.104
-2.714,-0.429,0.172
-2.714,-0.143,0.343
-2.714,0.143,0.377
-2.714,0.429,0.294
-2.714,0.714,0.38
-2.714,1,0.091
-2.714,1.286,-0.08
-2.714,1.571,-0.18
-2.714,1.857,-0.239
-2.714,2.143,-0.17
-2.714,2.429,-0.519
-2.714,2.714,-0.512
-2.714,3,-0.266
-2.714,3.286,-0.445
-2.714,3.571,-0.473
-2.714,3.857,-0.523
-2.714,4.143,0.418
-2.714,4.429,0.592
-2.714,4.714,0.861
-2.714,5,1.18
-2.714,5.286,1.533
-2.714,5.571,2.22
-2.714,5.857,2.208
-2.714,6.143,2.825
-2.714,6.429,2.96
-2.714,6.714,3.254
-2.714,7,3.441
-2.714,7.286,3.874
-2.714,7.571,4.142
-2.714,7.857,4.702
-2.714,8.143,4.412
-2.714,8.429,4.509
-2.714,8.714,4.66
-2.714,9,4.379
-2.429,-9,4.436
-2.429,-8.714,4.26
-2.429,-8.429,4.371
-2.429,-8.143,4.377
-2.429,-7.857,4.159
-2.429,-7.571,4.203
-2.429,-7.286,3.933
-2.429,-7,3.585
-2.429,-6.714,3.033
-2.429,-6.429,3.062
-2.429,-6.143,2.779
-2.429,-5.857,1.872
-2.429,-5.571,1.7
-2.429,-5.286,1.566
-2.429,-5,0.991
-2.429,-4.714,0.536
-2.429,-4.429,0.262
-2.429,-4.143,0.255
-2.429,-3.857,-0.034
-2.429,-3.571,-0.294
-2.429,-3.286,-0.051
-2.429,-3,-0.427
-2.429,-2.714,0.106
-2.429,-2.429,-0.374
-2.429,-2.143,-0.044
-2.429,-1.857,-0.293
-2.429,-1.571,0.072
-2.429,-1.286,0.268
-2.429,-1,0.119
-2.429,-0.714,0.515
-2.429,-0.429,0.088
-2.429,-0.143,0.079
-2.429,0.143,0.16
-2.429,0.429,0.16
-2.429,0.714,0.221
-2.429,1,0.121
-2.429,1.286,0.272
-2.429,1.571,0.289
-2.429,1.857,-0.264
-2.429,2.143,-0.397
-2.429,2.429,-0.099
-2.429,2.714,-0.133
-2.429,3,-0.223
-2.429,3.286,-0.507
-2.429,3.571,-0.037
-2.429,3.857,-0.249
-2.429,4.143,0.197
-2.429,4.429,0.481
-2.429,4.714,0.669
-2.429,5,0.715
-2.429,5.286,1.1
-2.429,5.571,1.659
-2.429,5.857,2.24
-2.429,6.143,2.518
-2.429,6.429,3.027
-2.429,6.714,3.265
-2.429,7,3.664
-2.429,7.286,3.938
-2.429,7.571,3.784
-2.429,7.857,4.067
-2.429,8.143,4.281
-2.429,8.429,4.794
-2.429,8.714,4.646
-2.429,9,4.289
-2.143,-9,4.252
-2.143,-8.714,4.028
-2.143,-8.429,3.99
-2.143,-8.143,4.256
-2.143,-7.857,4.587
-2.143,-7.571,4.131
-2.143,-7.286,3.657
-2.143,-7,3.492
-2.143,-6.714,2.962
-2.143,-6.429,2.708
-2.143,-6.143,2.442
-2.143,-5.857,2.203
-2.143,-5.571,1.725
-2.143,-5.286,1.285
-2.143,-5,1.13
-2.143,-4.714,0.728
-2.143,-4.429,0.49
-2.143,-4.143,0.213
-2.143,-3.857,-0.237
-2.143,-3.571,-0.016
-2.143,-3.286,-0.109
-2.143,-3,-0.185
-2.143,-2.714,-0.242
-2.143,-2.429,0.017
-2.143,-2.143,-0.457
-2.143,-1.857,0.076
-2.143,-1.571,0.249
-2.143,-1.286,0.209
-2.143,-1,0.536
-2.143,-0.714,0.462
-2.143,-0.429,0.343
-2.143,-0.143,0.624
-2.143,0.143,0.633
-2.143,0.429,0.466
-2.143,0.714,0.3
-2.143,1,0.487
-2.143,1.286,0.13
-2.143,1.571,0.156
-2.143,1.857,-0.231
-2.143,2.143,0.099
-2.143,2.429,0.289
-2.143,2.714,0.109
-2.143,3,-0.235
-2.143,3.286,-0.135
-2.143,3.571,0.013
-2.143,3.857,0.25
-2.143,4.143,0.292
-2.143,4.429,0.345
-2.143,4.714,0.773
-2.143,5,1.111
-2.143,5.286,1.551
-2.143,5.571,1.778
-2.143,5.857,2.213
-2.143,6.143,2.369
-2.143,6.429,2.733
-2.143,6.714,3.367
-2.143,7,3.274
-2.143,7.286,3.504
-2.143,7.571,3.77
-2.143,7.857,4.162
-2.143,8.143,4.284
-2.143,8.429,4.353
-2.143,8.714,4.421
-2.143,9,4.259
-1.857,-9,4.217
-1.857,-8.714,4.017
-1.857,-8.429,4.23
-1.857,-8.143,3.682
-1.857,-7.857,4.201
-1.857,-7.571,3.93
-1.857,-7.286,3.843
-1.857,-7,3.477
-1.857,-6.714,2.943
-1.857,-6.429,2.581
-1.857,-6.143,2.236
-1.857,-5.857,1.766
-1.857,-5.571,1.443
-1.857,-5.286,1.285
-1.857,-5,1.004
-1.857,-4.714,0.608
-1.857,-4.429,0.459
-1.857,-4.143,0.067
-1.857,-3.857,0.178
-1.857,-3.571,0.037
-1.857,-3.286,-0.07
-1.857,-3,0.068
-1.857,-2.714,-0.1
-1.857,-2.429,-0.154
-1.857,-2.143,0.173
-1.857,-1.857,0.116
-1.857,-1.571,0.043
-1.857,-1.286,0.776
-1.857,-1,0.847
-1.857,-0.714,0.512
-1.857,-0.429,0.685
-1.857,-0.143,0.988
-1.857,0.143,0.58
-1.857,0.429,0.506
-1.857,0.714,0.439
-1.857,1,0.931
-1.857,1.286,0.418
-1.857,1.571,0.193
-1.857,1.857,0.32
-1.857,2.143,0.382
-1.857,2.429,-0.234
-1.857,2.714,-0.14
-1.857,3,0.125
-1.857,3.286,-0.104
-1.857,3.571,-0.067
-1.857,3.857,0.16
-1.857,4.143,0.061
-1.857,4.429,0.262
-1.857,4.714,1.031
-1.857,5,1.174
-1.857,5.286,1.048
-1.857,5.571,1.591
-1.857,5.857,2.096
-1.857,6.143,2.228
-1.857,6.429,2.354
-1.857,6.714,3.183
-1.857,7,3.772
-1.857,7.286,3.569
-1.857,7.571,3.658
-1.857,7.857,4.086
-1.857,8.143,3.877
-1.857,8.429,4.249
-1.857,8.714,4.227
-1.857,9,3.809
-1.571,-9,3.802
-1.571,-8.714,3.851
-1.571,-8.429,3.881
-1.571,-8.143,4.059
-1.571,-7.857,3.786
-1.571,-7.571,3.42
-1.571,-7.286,3.524
-1.571,-7,3.241
-1.571,-6.714,2.704
-1.571,-6.429,2.452
-1.571,-6.143,2.265
-1.571,-5.857,2.101
-1.571,-5.571,1.624
-1.571,-5.286,0.963
-1.571,-5,0.862
-1.571,-4.714,0.786
-1.571,-4.429,0.315
-1.571,-4.143,0.556
-1.571,-3.857,0.309
-1.571,-3.571,-0.015
-1.571,-3.286,0.441
-1.571,-3,-0.057
-1.571,-2.714,0.36
-1.571,-2.429,0.034
-1.571,-2.143,0.278
-1.571,-1.857,0.339
-1.571,-1.571,0.584
-1.571,-1.286,0.63
-1.571,-1,0.843
-1.571,-0.714,1.303
-1.571,-0.429,0.89
-1.571,-0.143,1.017
-1.571,0.143,0.99
-1.571,0.429,1.018
-1.571,0.714,0.852
-1.571,1,0.857
-1.571,1.286,0.501
-1.571,1.571,0.781
-1.571,1.857,0.323
-1.571,2.143,0.38
-1.571,2.429,0.532
-1.571,2.714,0.065
-1.571,3,0.407
-1.571,3.286,0.128
-1.571,3.571,0.242
-1.571,3.857,0.075
-1.571,4.143,0.402
-1.571,4.429,0.518
-1.571,4.714,0.721
-1.571,5,0.63
-1.571,5.286,1.405
-1.571,5.571,1.63
-1.571,5.857,1.727
-1.571,6.143,2.347
-1.571,6.429,2.967
-1.571,6.714,3.209
-1.571,7,3.229
-1.571,7.286,3.567
-1.571,7.571,3.88
-1.571,7.857,3.494
-1.571,8.143,4.021
-1.571,8.429,4.118
-1.571,8.714,4.18
-1.571,9,3.845
-1.286,-9,3.761
-1.286,-8.714,3.762
-1.286,-8.429,3.802
-1.286,-8.143,3.717
-1.286,-7.857,3.899
-1.286,-7.571,3.54
-1.286,-7.286,3.357
-1.286,-7,2.907
-1.286,-6.714,2.554
-1.286,-6.429,2.513
-1.286,-6.143,2.292
-1.286,-5.857,1.421
-1.286,-5.571,1.342
-1.286,-5.286,1.272
-1.286,-5,1.02
-1.286,-4.714,0.748
-1.286,-4.429,0.344
-1.286,-4.143,0.164
-1.286,-3.857,0.004
-1.286,-3.571,0.084
-1.286,-3.286,-0.011
-1.286,-3,0.502
-1.286,-2.714,0.198
-1.286,-2.429,0.55
-1.286,-2.143,0.636
-1.286,-1.857,0.784
-1.286,-1.571,0.578
-1.286,-1.286,1
-1.286,-1,0.907
-1.286,-0.714,0.931
-1.286,-0.429,1.231
-1.286,-0.143,1.468
-1.286,0.143,1.213
-1.286,0.429,1.331
-1.286,0.714,1.24
-1.286,1,1.066
-1.286,1.286,1.018
-1.286,1.571,0.76
-1.286,1.857,0.804
-1.286,2.143,0.458
-1.286,2.429,0.357
-1.286,2.714,0.535
-1.286,3,0.241
-1.286,3.286,0.006
-1.286,3.571,-0.404
-1.286,3.857,0.368
-1.286,4.143,0.244
-1.286,4.429,0.494
-1.286,4.714,0.571
-1.286,5,1.21
-1.286,5.286,1.084
-1.286,5.571,1.473
-1.286,5.857,1.981
-1.286,6.143,2.017
-1.286,6.429,2.321
-1.286,6.714,2.496
-1.286,7,3.013
-1.286,7.286,3.295
-1.286,7.571,3.193
-1.286,7.857,3.905
-1.286,8.143,3.563
-1.286,8.429,3.612
-1.286,8.714,3.905
-1.286,9,3.499
-1,-9,3.531
-1,-8.714,3.722
-1,-8.429,3.294
-1,-8.143,3.429
-1,-7.857,3.433
-1,-7.571,3.441
-1,-7.286,2.946
-1,-7,2.851
-1,-6.714,2.596
-1,-6.429,2.085
-1,-6.143,2.156
-1,-5.857,1.629
-1,-5.571,1.47
-1,-5.286,1.202
-1,-5,0.858
-1,-4.714,0.649
-1,-4.429,0.664
-1,-4.143,0.216
-1,-3.857,0.176
-1,-3.571,-0.04
-1,-3.286,0.614
-1,-3,0.267
-1,-2.714,0.318
-1,-2.429,0.556
-1,-2.143,0.876
-1,-1.857,0.673
-1,-1.571,1.41
-1,-1.286,1.277
-1,-1,1.389
-1,-0.714,1.377
-1,-0.429,1.503
-1,-0.143,1.176
-1,0.143,1.369
-1,0.429,1.198
-1,0.714,1.584
-1,1,1.493
-1,1.286,1.443
-1,1.571,1.102
-1,1.857,0.78
-1,2.143,0.583
-1,2.429,0.463
-1,2.714,0.216
-1,3,0.579
-1,3.286,0.593
-1,3.571,0.255
-1,3.857,0.483
-1,4.143,0.334
-1,4.429,0.509
-1,4.714,0.569
-1,5,0.661
-1,5.286,1.189
-1,5.571,1.248
-1,5.857,1.401
-1,6.143,1.724
-1,6.429,2.057
-1,6.714,2.602
-1,7,2.768
-1,7.286,3.207
-1,7.571,3.354
-1,7.857,3.409
-1,8.143,3.219
-1,8.429,3.48
-1,8.714,3.339
-1,9,3.522
-0.714,-9,3.162
-0.714,-8.714,3.072
-0.714,-8.429,3.054
-0.714,-8.143,3.266
-0.714,-7.857,3.216
-0.714,-7.571,2.841
-0.714,-7.286,2.861
-0.714,-7,2.472
-0.714,-6.714,2.128
-0.714,-6.429,2.025
-0.714,-6.143,1.942
-0.714,-5.857,1.86
-0.714,-5.571,1.411
-0.714,-5.286,0.793
-0.714,-5,0.58
-0.714,-4.714,0.66
-0.714,-4.429,0.803
-0.714,-4.143,0.129
-0.714,-3.857,0.252
-0.714,-3.571,0.423
-0.714,-3.286,0.375
-0.714,-3,0.513
-0.714,-2.714,0.183
-0.714,-2.429,0.747
-0.714,-2.143,1.07
-0.714,-1.857,1.338
-0.714,-1.571,1.186
-0.714,-1.286,1.582
-0.714,-1,1.431
-0.714,-0.714,2.026
-0.714,-0.429,1.753
-0.714,-0.143,1.953
-0.714,0.143,1.621
-0.714,0.429,1.683
-0.714,0.714,1.935
-0.714,1,1.634
-0.714,1.286,1.558
-0.714,1.571,1.175
-0.714,1.857,1.083
-0.714,2.143,0.742
-0.714,2.429,0.782
-0.714,2.714,0.543
-0.714,3,0.407
-0.714,3.286,0.337
-0.714,3.571,0.069
-0.714,3.857,-0.002
-0.714,4.143,0.233
-0.714,4.429,0.651
-0.714,4.714,0.748
-0.714,5,0.451
-0.714,5.286,0.755
-0.714,5.571,1.35
-0.714,5.857,1.456
-0.714,6.143,1.422
-0.714,6.429,2.127
-0.714,6.714,1.94
-0.714,7,2.763
-0.714,7.286,2.77
-0.714,7.571,2.841
-0.714,7.857,3.153
-0.714,8.143,3.476
-0.714,8.429,2.998
-0.714,8.714,3.344
-0.714,9,2.96
-0.429,-9,2.747
-0.429,-8.714,2.992
-0.429,-8.429,2.889
-0.429,-8.143,2.878
-0.429,-7.857,2.726
-0.429,-7.571,2.689
-0.429,-7.286,2.533
-0.429,-7,1.955
-0.429,-6.714,1.909
-0.429,-6.429,1.801
-0.429,-6.143,1.377
-0.429,-5.857,1.112
-0.429,-5.571,1.057
-0.429,-5.286,0.954
-0.429,-5,0.761
-0.429,-4.714,0.395
-0.429,-4.429,0.39
-0.429,-4.143,0.352
-0.429,-3.857,0.537
-0.429,-3.571,0.353
-0.429,-3.286,0.508
-0.429,-3,0.739
-0.429,-2.714,0.704
-0.429,-2.429,0.92
-0.429,-2.143,1.369
-0.429,-1.857,1.156
-0.429,-1.571,1.713
-0.429,-1.286,1.792
-0.429,-1,1.967
-0.429,-0.714,2.103
-0.429,-0.429,2.279
-0.429,-0.143,1.823
-0.429,0.143,2.225
-0.429,0.429,2.106
-0.429,0.714,1.98
-0.429,1,1.96
-0.429,1.286,1.728
-0.429,1.571,1.635
-0.429,1.857,1.372
-0.429,2.143,1.205
-0.429,2.429,1.27
-0.429,2.714,0.651
-0.429,3,0.813
-0.429,3.286,0.99
-0.429,3.571,0.418
-0.429,3.857,0.459
-0.429,4.143,0.546
-0.429,4.429,0.322
-0.429,4.714,0.58
-0.429,5,1.065
-0.429,5.286,0.834
-0.429,5.571,1.188
-0.429,5.857,1.368
-0.429,6.143,1.593
-0.429,6.429,2.226
-0.429,6.714,2.278
-0.429,7,2.502
-0.429,7.286,2.25
-0.429,7.571,2.604
-0.429,7.857,2.778
-0.429,8.143,3.05
-0.429,8.429,3.373
-0.429,8.714,2.834
-0.429,9,2.823
-0.143,-9,2.815
-0.143,-8.714,3.064
-0.143,-8.429,2.718
-0.143,-8.143,2.744
-0.143,-7.857,2.308
-0.143,-7.571,2.324
-0.143,-7.286,2.352
-0.143,-7,2.323
-0.143,-6.714,1.995
-0.143,-6.429,1.603
-0.143,-6.143,1.54
-0.143,-5.857,1.132
-0.143,-5.571,1.183
-0.143,-5.286,0.859
-0.143,-5,0.602
-0.143,-4.714,0.13
-0.143,-4.429,0.398
-0.143,-4.143,0.573
-0.143,-3.857,0.675
-0.143,-3.571,0.739
-0.143,-3.286,0.635
-0.143,-3,0.499
-0.143,-2.714,0.83
-0.143,-2.429,0.918
-0.143,-2.143,1.413
-0.143,-1.857,1.5
-0.143,-1.571,1.656
-0.143,-1.286,1.638
-0.143,-1,2.248
-0.143,-0.714,2.407
-0.143,-0.429,2.464
-0.143,-0.143,2.716
-0.143,0.143,2.11
-0.143,0.429,2.646
-0.143,0.714,2.24
-0.143,1,1.901
-0.143,1.286,1.723
-0.143,1.571,1.692
-0.143,1.857,1.914
-0.143,2.143,1.524
-0.143,2.429,1.21
-0.143,2.714,0.863
-0.143,3,0.673
-0.143,3.286,0.63
-0.143,3.571,0.421
-0.143,3.857,0.641
-0.143,4.143,0.658
-0.143,4.429,0.575
-0.143,4.714,0.659
-0.143,5,0.543
-0.143,5.286,1.076
-0.143,5.571,0.939
-0.143,5.857,0.859
-0.143,6.143,1.19
-0.143,6.429,1.392
-0.143,6.714,1.883
-0.143,7,2.053
-0.143,7.286,2.291
-0.143,7.571,2.473
-0.143,7.857,2.476
-0.143,8.143,2.724
-0.143,8.429,2.919
-0.143,8.714,2.951
-0.143,9,2.951
0.143,-9,2.664
0.143,-8.714,2.551
0.143,-8.429,2.155
0.143,-8.143,2.634
0.143,-7.857,2.307
0.143,-7.571,2.166
0.143,-7.286,2.249
0.143,-7,1.778
0.143,-6.714,1.473
0.143,-6.429,1.549
0.143,-6.143,0.736
0.143,-5.857,0.974
0.143,-5.571,0.672
0.143,-5.286,0.696
0.143,-5,0.45
0.143,-4.714,0.458
0.143,-4.429,0.232
0.143,-4.143,0.52
0.143,-3.857,0.417
0.143,-3.571,0.422
0.143,-3.286,0.412
0.143,-3,1.141
0.143,-2.714,0.959
0.143,-2.429,1.478
0.143,-2.143,1.277
0.143,-1.857,1.848
0.143,-1.571,1.87
0.143,-1.286,2.167
0.143,-1,2.493
0.143,-0.714,2.798
0.143,-0.429,2.802
0.143,-0.143,2.637
0.143,0.143,2.726
0.143,0.429,2.813
0.143,0.714,2.821
0.143,1,2.337
0.143,1.286,2.101
0.143,1.571,2.273
0.143,1.857,2
0.143,2.143,1.665
0.143,2.429,1.073
0.143,2.714,1.332
0.143,3,0.704
0.143,3.286,0.994
0.143,3.571,0.479
0.143,3.857,0.54
0.143,4.143,0.33
0.143,4.429,0.106
0.143,4.714,0.625
0.143,5,0.348
0.143,5.286,0.419
0.143,5.571,0.766
0.143,5.857,1.266
0.143,6.143,1.009
0.143,6.429,1.811
0.143,6.714,1.995
0.143,7,1.763
0.143,7.286,2.088
0.143,7.571,2.131
0.143,7.857,2.08
0.143,8.143,2.314
0.143,8.429,2.488
0.143,8.714,2.102
0.143,9,2.303
0.429,-9,2.305
0.429,-8.714,2.371
0.429,-8.429,2.159
0.429,-8.143,2.257
0.429,-7.857,1.821
0.429,-7.571,1.738
0.429,-7.286,1.901
0.429,-7,1.493
0.429,-6.714,1.531
0.429,-6.429,1.178
0.429,-6.143,1.024
0.429,-5.857,0.77
0.429,-5.571,0.762
0.429,-5.286,0.786
0.429,-5,0.228
0.429,-4.714,0.472
0.429,-4.429,0.304
0.429,-4.143,0.6
0.429,-3.857,0.553
0.429,-3.571,0.643
0.429,-3.286,0.844
0.429,-3,1.002
0.429,-2.714,1.492
0.429,-2.429,1.5
0.429,-2.143,1.701
0.429,-1.857,2.27
0.429,-1.571,2.185
0.429,-1.286,2.365
0.429,-1,3.133
0.429,-0.714,2.621
0.429,-0.429,2.944
0.429,-0.143,3.216
0.429,0.143,3.312
0.429,0.429,3.12
0.429,0.714,2.682
0.429,1,2.688
0.429,1.286,2.51
0.429,1.571,2.44
0.429,1.857,2.268
0.429,2.143,1.749
0.429,2.429,1.367
0.429,2.714,1.263
0.429,3,1.068
0.429,3.286,0.705
0.429,3.571,0.713
0.429,3.857,0.578
0.429,4.143,0.375
0.429,4.429,0.466
0.429,4.714,0.301
0.429,5,0.413
0.429,5.286,0.398
0.429,5.571,0.575
0.429,5.857,0.822
0.429,6.143,1.299
0.429,6.429,1.254
0.429,6.714,1.369
0.429,7,1.799
0.429,7.286,1.852
0.429,7.571,1.739
0.429,7.857,1.815
0.429,8.143,2.239
0.429,8.429,2.097
0.429,8.714,2.028
0.429,9,2.008
0.714,-9,1.803
0.714,-8.714,1.745
0.714,-8.429,2.121
0.714,-8.143,1.949
0.714,-7.857,1.801
0.714,-7.571,1.533
0.714,-7.286,1.518
0.714,-7,1.279
0.714,-6.714,1.345
0.714,-6.429,1.191
0.714,-6.143,0.962
0.714,-5.857,0.624
0.714,-5.571,0.585
0.714,-5.286,0.21
0.714,-5,0.307
0.714,-4.714,0.426
0.714,-4.429,0.646
0.714,-4.143,0.292
0.714,-3.857,0.442
0.714,-3.571,0.624
0.714,-3.286,0.704
0.714,-3,0.979
0.714,-2.714,1.672
0.714,-2.429,1.799
0.714,-2.143,1.378
0.714,-1.857,2.083
0.714,-1.571,2.445
0.714,-1.286,2.697
0.714,-1,2.809
0.714,-0.714,3.209
0.714,-0.429,3.271
0.714,-0.143,3.205
0.714,0.143,3.3
0.714,0.429,3.288
0.714,0.714,3.144
0.714,1,3.062
0.714,1.286,2.628
0.714,1.571,2.512
0.714,1.857,2.365
0.714,2.143,1.987
0.714,2.429,1.705
0.714,2.714,1.377
0.714,3,1.143
0.714,3.286,0.915
0.714,3.571,0.991
0.714,3.857,0.582
0.714,4.143,-0.039
0.714,4.429,0.288
0.714,4.714,0.288
0.714,5,0.319
0.714,5.286,0.388
0.714,5.571,0.385
0.714,5.857,0.253
0.714,6.143,0.734
0.714,6.429,0.906
0.714,6.714,1.217
0.714,7,1.123
0.714,7.286,1.558
0.714,7.571,1.701
0.714,7.857,1.66
0.714,8.143,1.911
0.714,8.429,1.853
0.714,8.714,2.1
0.714,9,1.872
1,-9,1.682
1,-8.714,1.472
1,-8.429,1.805
1,-8.143,1.569
1,-7.857,1.195
1,-7.571,1.36
1,-7.286,1.263
1,-7,0.973
1,-6.714,0.973
1,-6.429,1.054
1,-6.143,0.579
1,-5.857,0.172
1,-5.571,-0.181
1,-5.286,0.293
1,-5,0.399
1,-4.714,0.112
1,-4.429,0.149
1,-4.143,0.622
1,-3.857,0.76
1,-3.571,0.789
1,-3.286,1.009
1,-3,1.05
1,-2.714,1.405
1,-2.429,1.596
1,-2.143,2.102
1,-1.857,2.065
1,-1.571,2.603
1,-1.286,3.214
1,-1,3.248
1,-0.714,3.532
1,-0.429,3.502
1,-0.143,3.4
1,0.143,3.707
1,0.429,3.513
1,0.714,3.002
1,1,3.238
1,1.286,2.963
1,1.571,2.919
1,1.857,2.368
1,2.143,2.141
1,2.429,1.882
1,2.714,1.67
1,3,1.105
1,3.286,0.907
1,3.571,0.93
1,3.857,0.237
1,4.143,0.581
1,4.429,0.238
1,4.714,0.271
1,5,-0.117
1,5.286,0.175
1,5.571,0.495
1,5.857,0.275
1,6.143,0.653
1,6.429,0.24
1,6.714,0.848
1,7,1.005
1,7.286,1.151
1,7.571,1.309
1,7.857,1.416
1,8.143,1.652
1,8.429,1.7
1,8.714,1.565
1,9,1.637
1.286,-9,1.201
1.286,-8.714,1.329
1.286,-8.429,1.325
1.286,-8.143,1.086
1.286,-7.857,1.714
1.286,-7.571,0.804
1.286,-7.286,1.295
1.286,-7,0.935
1.286,-6.714,0.631
1.286,-6.429,0.659
1.286,-6.143,0.389
1.286,-5.857,0.682
1.286,-5.571,0.17
1.286,-5.286,0.295
1.286,-5,-0.105
1.286,-4.714,0.262
1.286,-4.429,0.25
1.286,-4.143,0.324
1.286,-3.857,0.651
1.286,-3.571,0.744
1.286,-3.286,1.154
1.286,-3,1.38
1.286,-2.714,1.446
1.286,-2.429,2.098
1.286,-2.143,2.369
1.286,-1.857,2.486
1.286,-1.571,3.203
1.286,-1.286,3.024
1.286,-1,3.457
1.286,-0.714,3.368
1.286,-0.429,3.821
1.286,-0.143,3.861
1.286,0.143,4.015
1.286,0.429,3.764
1.286,0.714,3.589
1.286,1,3.119
1.286,1.286,3.245
1.286,1.571,2.89
1.286,1.857,2.674
1.286,2.143,2.075
1.286,2.429,2.087
1.286,2.714,1.776
1.286,3,1.442
1.286,3.286,1.053
1.286,3.571,0.758
1.286,3.857,0.497
1.286,4.143,0.701
1.286,4.429,0.129
1.286,4.714,0.054
1.286,5,-0.179
1.286,5.286,0.782
1.286,5.571,0.321
1.286,5.857,-0.085
1.286,6.143,0.708
1.286,6.429,0.781
1.286,6.714,0.911
1.286,7,1.121
1.286,7.286,1.126
1.286,7.571,0.939
1.286,7.857,1.257
1.286,8.143,1.165
1.286,8.429,1.453
1.286,8.714,1.546
1.286,9,1.484
1.571,-9,0.759
1.571,-8.714,1.189
1.571,-8.429,0.994
1.571,-8.143,1.231
1.571,-7.857,1.053
1.571,-7.571,0.976
1.571,-7.286,0.537
1.571,-7,0.77
1.571,-6.714,0.279
1.571,-6.429,0.206
1.571,-6.143,0.201
1.571,-5.857,0.276
1.571,-5.571,0.027
1.571,-5.286,-0.246
1.571,-5,0.378
1.571,-4.714,0.256
1.571,-4.429,0.055
1.571,-4.143,0.28
1.571,-3.857,0.657
1.571,-3.571,0.558
1.571,-3.286,1.238
1.571,-3,1.336
1.571,-2.714,1.977
1.571,-2.429,2.3
1.571,-2.143,2.171
1.571,-1.857,2.876
1.571,-1.571,3.229
1.571,-1.286,3.502
1.571,-1,3.515
1.571,-0.714,3.92
1.571,-0.429,4.079
1.571,-0.143,3.961
1.571,0.143,4.239
1.571,0.429,3.778
1.571,0.714,3.989
1.571,1,3.967
1.571,1.286,3.545
1.571,1.571,3.21
1.571,1.857,2.692
1.571,2.143,2.401
1.571,2.429,2.018
1.571,2.714,1.975
1.571,3,1.433
1.571,3.286,1.073
1.571,3.571,0.774
1.571,3.857,0.808
1.571,4.143,0.174
1.571,4.429,0.37
1.571,4.714,-0.025
1.571,5,-0.021
1.571,5.286,-0.067
1.571,5.571,0.027
1.571,5.857,0.188
1.571,6.143,-0.019
1.571,6.429,0.248
1.571,6.714,0.649
1.571,7,0.74
1.571,7.286,0.882
1.571,7.571,0.912
1.571,7.857,1.299
1.571,8.143,1.257
1.571,8.429,1.159
1.571,8.714,1.296
1.571,9,1.014
1.857,-9,0.769
1.857,-8.714,1.032
1.857,-8.429,1.101
1.857,-8.143,0.988
1.857,-7.857,0.528
1.857,-7.571,0.727
1.857,-7.286,0.532
1.857,-7,0.966
1.857,-6.714,0.502
1.857,-6.429,0.112
1.857,-6.143,-0.002
1.857,-5.857,-0.215
1.857,-5.571,0.104
1.857,-5.286,0.214
1.857,-5,0.271
1.857,-4.714,0.083
1.857,-4.429,0.459
1.857,-4.143,0.161
1.857,-3.857,0.635
1.857,-3.571,0.878
1.857,-3.286,1.232
1.857,-3,1.524
1.857,-2.714,1.809
1.857,-2.429,2.455
1.857,-2.143,2.542
1.857,-1.857,2.994
1.857,-1.571,3.343
1.857,-1.286,3.583
1.857,-1,3.9
1.857,-0.714,3.918
1.857,-0.429,4.354
1.857,-0.143,4.212
1.857,0.143,4.455
1.857,0.429,4.255
1.857,0.714,4.186
1.857,1,3.9
1.857,1.286,3.642
1.857,1.571,3.415
1.857,1.857,2.996
1.857,2.143,2.401
1.857,2.429,2.44
1.857,2.714,2.17
1.857,3,1.146
1.857,3.286,1.171
1.857,3.571,0.923
1.857,3.857,0.659
1.857,4.143,0.578
1.857,4.429,-0.053
1.857,4.714,0.069
1.857,5,0.006
1.857,5.286,0.165
1.857,5.571,0.118
1.857,5.857,0.197
1.857,6.143,0.074
1.857,6.429,0.129
1.857,6.714,0.57
1.857,7,0.209
1.857,7.286,0.621
1.857,7.571,0.652
1.857,7.857,0.937
1.857,8.143,0.673
1.857,8.429,0.839
1.857,8.714,0.898
1.857,9,0.66
2.143,-9,0.829
2.143,-8.714,0.752
2.143,-8.429,0.682
2.143,-8.143,0.892
2.143,-7.857,0.378
2.143,-7.571,0.557
2.143,-7.286,0.391
2.143,-7,0.057
2.143,-6.714,0.045
2.143,-6.429,0.042
2.143,-6.143,-0.278
2.143,-5.857,0.095
2.143,-5.571,-0.353
2.143,-5.286,-0.051
2.143,-5,-0.266
2.143,-4.714,-0.272
2.143,-4.429,0.113
2.143,-4.143,0.334
2.143,-3.857,0.796
2.143,-3.571,1.083
2.143,-3.286,1.141
2.143,-3,1.567
2.143,-2.714,2.121
2.143,-2.429,2.107
2.143,-2.143,2.854
2.143,-1.857,3.203
2.143,-1.571,3.552
2.143,-1.286,3.678
2.143,-1,4.046
2.143,-0.714,4.57
2.143,-0.429,4.516
2.143,-0.143,4.226
2.143,0.143,4.366
2.143,0.429,4.257
2.143,0.714,4.328
2.143,1,4.047
2.143,1.286,3.411
2.143,1.571,3.435
2.143,1.857,3.078
2.143,2.143,2.904
2.143,2.429,2.317
2.143,2.714,1.875
2.143,3,1.654
2.143,3.286,0.862
2.143,3.571,0.993
2.143,3.857,0.617
2.143,4.143,0.343
2.143,4.429,0.334
2.143,4.714,0.01
2.143,5,-0.362
2.143,5.286,-0.081
2.143,5.571,-0.348
2.143,5.857,-0.066
2.143,6.143,0.11
2.143,6.429,0.146
2.143,6.714,0.136
2.143,7,0.083
2.143,7.286,0.304
2.143,7.571,0.459
2.143,7.857,0.534
2.143,8.143,0.475
2.143,8.429,0.59
2.143,8.714,0.529
2.143,9,0.379
2.429,-9,0.457
2.429,-8.714,0.53
2.429,-8.429,0.455
2.429,-8.143,0.433
2.429,-7.857,0.418
2.429,-7.571,0.077
2.429,-7.286,0.229
2.429,-7,0.316
2.429,-6.714,0.068
2.429,-6.429,0.08
2.429,-6.143,-0.427
2.429,-5.857,-0.291
2.429,-5.571,-0.421
2.429,-5.286,-0.525
2.429,-5,-0.134
2.429,-4.714,-0.197
2.429,-4.429,0.027
2.429,-4.143,0.541
2.429,-3.857,0.641
2.429,-3.571,1.186
2.429,-3.286,1.486
2.429,-3,1.786
2.429,-2.714,1.973
2.429,-2.429,2.263
2.429,-2.143,3.015
2.429,-1.857,3.024
2.429,-1.571,4.037
2.429,-1.286,3.622
2.429,-1,4.063
2.429,-0.714,4.502
2.429,-0.429,4.281
2.429,-0.143,4.673
2.429,0.143,4.799
2.429,0.429,4.609
2.429,0.714,4.185
2.429,1,4.264
2.429,1.286,3.77
2.429,1.571,3.417
2.429,1.857,3.38
2.429,2.143,3.09
2.429,2.429,2.381
2.429,2.714,1.953
2.429,3,1.548
2.429,3.286,1.074
2.429,3.571,1.074
2.429,3.857,0.658
2.429,4.143,0.316
2.429,4.429,0.085
2.429,4.714,-0.206
2.429,5,-0.26
2.429,5.286,-0.117
2.429,5.571,-0.392
2.429,5.857,-0.218
2.429,6.143,-0.314
2.429,6.429,-0.004
2.429,6.714,0.144
2.429,7,0.422
2.429,7.286,-0.233
2.429,7.571,0.465
2.429,7.857,0.415
2.429,8.143,0.467
2.429,8.429,0.128
2.429,8.714,0.682
2.429,9,0.44
2.714,-9,0.317
2.714,-8.714,0.266
2.714,-8.429,0.339
2.714,-8.143,0.464
2.714,-7.857,0.173
2.714,-7.571,0.235
2.714,-7.286,-0.239
2.714,-7,-0.341
2.714,-6.714,-0.074
2.714,-6.429,-0.436
2.714,-6.143,-0.089
2.714,-5.857,-0.431
2.714,-5.571,-0.413
2.714,-5.286,-0.3
2.714,-5,-0.367
2.714,-4.714,0.117
2.714,-4.429,0.23
2.714,-4.143,0.436
2.714,-3.857,0.836
2.714,-3.571,0.985
2.714,-3.286,1.256
2.714,-3,1.441
2.714,-2.714,2.272
2.714,-2.429,2.453
2.714,-2.143,3.265
2.714,-1.857,3.205
2.714,-1.571,3.577
2.714,-1.286,3.927
2.714,-1,4.151
2.714,-0.714,4.518
2.714,-0.429,4.343
2.714,-0.143,4.862
2.714,0.143,4.563
2.714,0.429,4.506
2.714,0.714,4.353
2.714,1,4.131
2.714,1.286,3.98
2.714,1.571,3.775
2.714,1.857,3.024
2.714,2.143,2.914
2.714,2.429,2.84
2.714,2.714,2.195
2.714,3,1.615
2.714,3.286,1.345
2.714,3.571,0.94
2.714,3.857,0.82
2.714,4.143,0.526
2.714,4.429,0.083
2.714,4.714,-0.156
2.714,5,-0.027
2.714,5.286,-0.443
2.714,5.571,-0.272
2.714,5.857,-0.267
2.714,6.143,-0.47
2.714,6.429,-0.338
2.714,6.714,-0.398
2.714,7,-0.021
2.714,7.286,-0.003
2.714,7.571,0.147
2.714,7.857,-0.027
2.714,8.143,0.308
2.714,8.429,0.046
2.714,8.714,0.555
2.714,9,0.201
3,-9,-0.15
3,-8.714,0.303
3,-8.429,0.022
3,-8.143,0.246
3,-7.857,0.307
3,-7.571,-0.234
3,-7.286,0.12
3,-7,-0.422
3,-6.714,-0.12
3,-6.429,-0.613
3,-6.143,-0.027
3,-5.857,-0.045
3,-5.571,-0.296
3,-5.286,-0.151
3,-5,-0.452
3,-4.714,-0.2
3,-4.429,0.333
3,-4.143,0.055
3,-3.857,0.738
3,-3.571,0.719
3,-3.286,1.392
3,-3,2.024
3,-2.714,2.149
3,-2.429,2.313
3,-2.143,2.98
3,-1.857,3.424
3,-1.571,3.837
3,-1.286,3.853
3,-1,4.078
3,-0.714,4.708
3,-0.429,4.688
3,-0.143,4.985
3,0.143,4.943
3,0.429,4.748
3,0.714,4.084
3,1,4.206
3,1.286,3.893
3,1.571,3.528
3,1.857,3.195
3,2.143,2.635
3,2.429,2.598
3,2.714,2.004
3,3,1.975
3,3.286,1.016
3,3.571,1.009
3,3.857,0.39
3,4.143,0.228
3,4.429,-0.107
3,4.714,0.043
3,5,-0.13
3,5.286,-0.417
3,5.571,-0.315
3,5.857,-0.005
3,6.143,-0.268
3,6.429,-0.148
3,6.714,-0.159
3,7,0.053
3,7.286,-0.117
3,7.571,-0.168
3,7.857,0.285
3,8.143,0.156
3,8.429,0.078
3,8.714,0.114
3,9,0.211
3.286,-9,0.067
3.286,-8.714,0.104
3.286,-8.429,0.33
3.286,-8.143,-0.006
3.286,-7.857,0.161
3.286,-7.571,-0.152
3.286,-7.286,-0.211
3.286,-7,0.126
3.286,-6.714,-0.512
3.286,-6.429,-0.047
3.286,-6.143,-0.513
3.286,-5.857,-0.703
3.286,-5.571,-0.901
3.286,-5.286,-0.462
3.286,-5,-0.16
3.286,-4.714,-0.26
3.286,-4.429,0.165
3.286,-4.143,0.48
3.286,-3.857,0.696
3.286,-3.571,0.841
3.286,-3.286,1.634
3.286,-3,1.778
3.286,-2.714,2.311
3.286,-2.429,2.552
3.286,-2.143,3.242
3.286,-1.857,3.524
3.286,-1.571,3.864
3.286,-1.286,3.934
3.286,-1,4.325
3.286,-0.714,4.756
3.286,-0.429,4.639
3.286,-0.143,5.183
3.286,0.143,4.631
3.286,0.429,4.465
3.286,0.714,4.561
3.286,1,4.339
3.286,1.286,4.371
3.286,1.571,3.972
3.286,1.857,3.246
3.286,2.143,3.042
3.286,2.429,2.64
3.286,2.714,2.431
3.286,3,1.911
3.286,3.286,1.279
3.286,3.571,1.131
3.286,3.857,0.725
3.286,4.143,0.448
3.286,4.429,0.333
3.286,4.714,0.014
3.286,5,-0.319
3.286,5.286,-0.455
3.286,5.571,-0.52
3.286,5.857,-0.43
3.286,6.143,-0.264
3.286,6.429,-0.121
3.286,6.714,-0.345
3.286,7,0.021
3.286,7.286,-0.415
3.286,7.571,-0.197
3.286,7.857,0.031
3.286,8.143,-0.153
3.286,8.429,0.054
3.286,8.714,0.616
3.286,9,0.148
3.571,-9,0.57
3.571,-8.714,0.195
3.571,-8.429,0.168
3.571,-8.143,0.207
3.571,-7.857,0.001
3.571,-7.571,-0.457
3.571,-7.286,-0.013
3.571,-7,-0.083
3.571,-6.714,-0.084
3.571,-6.429,-0.471
3.571,-6.143,-0.254
3.571,-5.857,-0.442
3.571,-5.571,-0.431
3.571,-5.286,-0.284
3.571,-5,-0.263
3.571,-4.714,-0.353
3.571,-4.429,-0.151
3.571,-4.143,0.168
3.571,-3.857,0.594
3.571,-3.571,0.872
3.571,-3.286,1.368
3.571,-3,1.7
3.571,-2.714,1.973
3.571,-2.429,2.649
3.571,-2.143,3.069
3.571,-1.857,3.411
3.571,-1.571,3.661
3.571,-1.286,3.794
3.571,-1,4.275
3.571,-0.714,4.228
3.571,-0.429,5.06
3.571,-0.143,4.944
3.571,0.143,4.85
3.571,0.429,4.546
3.571,0.714,4.649
3.571,1,4.53
3.571,1.286,3.872
3.571,1.571,3.942
3.571,1.857,3.298
3.571,2.143,3.15
3.571,2.429,2.146
3.571,2.714,2.375
3.571,3,1.494
3.571,3.286,1.144
3.571,3.571,0.558
3.571,3.857,0.629
3.571,4.143,0.254
3.571,4.429,-0.248
3.571,4.714,-0.351
3.571,5,-0.47
3.571,5.286,-0.595
3.571,5.571,-0.085
3.571,5.857,-0.469
3.571,6.143,-0.436
3.571,6.429,-0.476
3.571,6.714,-0.523
3.571,7,-0.161
3.571,7.286,-0.461
3.571,7.571,0.079
3.571,7.857,-0.082
3.571,8.143,-0.367
3.571,8.429,0.073
3.571,8.714,0.022
3.571,9,0.202
3.857,-9,-0.112
3.857,-8.714,-0.195
3.857,-8.429,0.118
3.857,-8.143,-0.044
3.857,-7.857,-0.292
3.857,-7.571,0.117
3.857,-7.286,-0.344
3.857,-7,0.026
3.857,-6.714,-0.268
3.857,-6.429,-0.649
3.857,-6.143,-0.55
3.857,-5.857,-0.367
3.857,-5.571,-0.212
3.857,-5.286,-0.145
3.857,-5,-0.114
3.857,-4.714,-0.192
3.857,-4.429,-0.045
3.857,-4.143,-0.151
3.857,-3.857,0.65
3.857,-3.571,0.855
3.857,-3.286,1.226
3.857,-3,1.806
3.857,-2.714,2.016
3.857,-2.429,2.823
3.857,-2.143,2.792
3.857,-1.857,3.288
3.857,-1.571,3.986
3.857,-1.286,4.192
3.857,-1,4.484
3.857,-0.714,4.544
3.857,-0.429,4.822
3.857,-0.143,4.901
3.857,0.143,4.776
3.857,0.429,4.696
3.857,0.714,4.71
3.857,1,4.646
3.857,1.286,4.092
3.857,1.571,3.435
3.857,1.857,3.615
3.857,2.143,2.856
3.857,2.429,2.478
3.857,2.714,1.798
3.857,3,1.847
3.857,3.286,1.049
3.857,3.571,1.081
3.857,3.857,0.307
3.857,4.143,0.138
3.857,4.429,-0.119
3.857,4.714,-0.631
3.857,5,-0.069
3.857,5.286,-0.535
3.857,5.571,-0.617
3.857,5.857,-0.656
3.857,6.143,-0.617
3.857,6.429,-0.619
3.857,6.714,-0.138
3.857,7,-0.269
3.857,7.286,-0.314
3.857,7.571,-0.129
3.857,7.857,-0.1
3.857,8.143,-0.111
3.857,8.429,-0.095
3.857,8.714,-0.128
3.857,9,-0.048
4.143,-9,0.075
4.143,-8.714,0.079
4.143,-8.429,0.136
4.143,-8.143,-0.132
4.143,-7.857,0.167
4.143,-7.571,0.128
4.143,-7.286,-0.235
4.143,-7,-0.23
4.143,-6.714,-0.404
4.143,-6.429,-0.334
4.143,-6.143,-0.289
4.143,-5.857,-0.524
4.143,-5.571,-0.506
4.143,-5.286,-0.631
4.143,-5,-0.474
4.143,-4.714,-0.245
4.143,-4.429,-0.221
4.143,-4.143,0.297
4.143,-3.857,0.784
4.143,-3.571,0.908
4.143,-3.286,1.263
4.143,-3,1.763
4.143,-2.714,2.269
4.143,-2.429,2.403
4.143,-2.143,2.721
4.143,-1.857,3.558
4.143,-1.571,3.886
4.143,-1.286,3.993
4.143,-1,4.323
4.143,-0.714,4.408
4.143,-0.429,4.848
4.143,-0.143,4.763
4.143,0.143,5.091
4.143,0.429,4.765
4.143,0.714,4.475
4.143,1,4.284
4.143,1.286,4.015
4.143,1.571,3.413
4.143,1.857,2.948
4.143,2.143,2.476
4.143,2.429,2.407
4.143,2.714,2.177
4.143,3,1.459
4.143,3.286,0.957
4.143,3.571,0.735
4.143,3.857,0.623
4.143,4.143,0.433
4.143,4.429,-0.131
4.143,4.714,-0.295
4.143,5,-0.722
4.143,5.286,-0.358
4.143,5.571,-0.603
4.143,5.857,-0.443
4.143,6.143,-0.531
4.143,6.429,-0.032
4.143,6.714,-0.533
4.143,7,-0.159
4.143,7.286,-0.519
4.143,7.571,-0.022
4.143,7.857,-0.065
4.143,8.143,-0.065
4.143,8.429,-0.147
4.143,8.714,0.256
4.143,9,-0.112
4.429,-9,0.019
4.429,-8.714,-0.025
4.429,-8.429,-0.195
4.429,-8.143,0.125
4.429,-7.857,-0.016
4.429,-7.571,-0.119
4.429,-7.286,-0.226
4.429,-7,-0.167
4.429,-6.714,-0.555
4.429,-6.429,-0.449
4.429,-6.143,-0.461
4.429,-5.857,-0.497
4.429,-5.571,-0.298
4.429,-5.286,-0.45
4.429,-5,-0.426
4.429,-4.714,-0.128
4.429,-4.429,0.148
4.429,-4.143,0.396
4.429,-3.857,0.439
4.429,-3.571,0.696
4.429,-3.286,1.244
4.429,-3,1.536
4.429,-2.714,1.975
4.429,-2.429,2.456
4.429,-2.143,2.784
4.429,-1.857,3.56
4.429,-1.571,3.522
4.429,-1.286,3.931
4.429,-1,4.564
4.429,-0.714,4.225
4.429,-0.429,4.945
4.429,-0.143,4.527
4.429,0.143,4.454
4.429,0.429,4.429
4.429,0.714,4.52
4.429,1,4.151
4.429,1.286,4.001
4.429,1.571,3.429
4.429,1.857,2.984
4.429,2.143,3.159
4.429,2.429,2.278
4.429,2.714,2.126
4.429,3,1.53
4.429,3.286,0.914
4.429,3.571,0.683
4.429,3.857,0.367
4.429,4.143,0.015
4.429,4.429,-0.299
4.429,4.714,-0.084
4.429,5,-0.322
4.429,5.286,-0.731
4.429,5.571,-0.57
4.429,5.857,-0.371
4.429,6.143,-0.404
4.429,6.429,-0.395
4.429,6.714,-0.698
4.429,7,-0.289
4.429,7.286,0.086
4.429,7.571,-0.091
4.429,7.857,0.263
4.429,8.143,0
4.429,8.429,0.047
4.429,8.714,0.026
4.429,9,0.192
4.714,-9,0.146
4.714,-8.714,-0.067
4.714,-8.429,-0.08
4.714,-8.143,0.124
4.714,-7.857,0.437
4.714,-7.571,0.014
4.714,-7.286,-0.105
4.714,-7,-0.239
4.714,-6.714,-0.669
4.714,-6.429,-0.32
4.714,-6.143,-0.438
4.714,-5.857,-0.459
4.714,-5.571,-0.43
4.714,-5.286,-0.894
4.714,-5,-0.156
4.714,-4.714,-0.39
4.714,-4.429,-0.154
4.714,-4.143,0.163
4.714,-3.857,0.539
4.714,-3.571,0.411
4.714,-3.286,1.374
4.714,-3,1.735
4.714,-2.714,1.684
4.714,-2.429,2.267
4.714,-2.143,2.77
4.714,-1.857,2.924
4.714,-1.571,3.546
4.714,-1.286,3.644
4.714,-1,4.192
4.714,-0.714,4.816
4.714,-0.429,4.356
4.714,-0.143,4.78
4.714,0.143,4.59
4.714,0.429,4.294
4.714,0.714,4.134
4.714,1,4.139
4.714,1.286,3.67
4.714,1.571,3.666
4.714,1.857,3.296
4.714,2.143,2.476
4.714,2.429,2.346
4.714,2.714,1.738
4.714,3,1.347
4.714,3.286,1.056
4.714,3.571,0.86
4.714,3.857,0.631
4.714,4.143,0.345
4.714,4.429,0.091
4.714,4.714,-0.426
4.714,5,-0.105
4.714,5.286,-0.179
4.714,5.571,-0.544
4.714,5.857,-0.798
4.714,6.143,-0.424
4.714,6.429,-0.053
4.714,6.714,-0.087
4.714,7,-0.39
4.714,7.286,-0.162
4.714,7.571,-0.125
4.714,7.857,-0.081
4.714,8.143,0.026
4.714,8.429,0.115
4.714,8.714,0.011
4.714,9,0.004
5,-9,0.282
5,-8.714,0.191
5,-8.429,0.34
5,-8.143,0.076
5,-7.857,0.071
5,-7.571,-0.142
5,-7.286,0.117
5,-7,0.157
5,-6.714,-0.187
5,-6.429,-0.397
5,-6.143,-0.259
5,-5.857,-0.394
5,-5.571,-0.481
5,-5.286,-0.263
5,-5,-0.609
5,-4.714,-0.419
5,-4.429,0.063
5,-4.143,-0.17
5,-3.857,0.031
5,-3.571,0.12
5,-3.286,0.813
5,-3,1.438
5,-2.714,1.593
5,-2.429,2.132
5,-2.143,2.663
5,-1.857,2.731
5,-1.571,3.488
5,-1.286,3.652
5,-1,4.161
5,-0.714,3.912
5,-0.429,4.146
5,-0.143,4.484
5,0.143,4.428
5,0.429,4.378
5,0.714,3.929
5,1,3.915
5,1.286,3.484
5,1.571,2.994
5,1.857,3.022
5,2.143,2.583
5,2.429,2.194
5,2.714,1.656
5,3,1.159
5,3.286,0.749
5,3.571,0.819
5,3.857,0.411
5,4.143,-0.031
5,4.429,-0.165
5,4.714,-0.427
5,5,-0.792
5,5.286,-0.469
5,5.571,-0.483
5,5.857,-0.357
5,6.143,-0.483
5,6.429,-0.576
5,6.714,-0.364
5,7,-0.001
5,7.286,-0.251
5,7.571,-0.105
5,7.857,0.066
5,8.143,-0.099
5,8.429,0.4
5,8.714,0.076
5,9,0.386
5.286,-9,0.345
5.286,-8.714,0.233
5.286,-8.429,0.471
5.286,-8.143,0.355
5.286,-7.857,0.346
5.286,-7.571,0.044
5.286,-7.286,-0.083
5.286,-7,-0.202
5.286,-6.714,-0.153
5.286,-6.429,-0.428
5.286,-6.143,-0.69
5.286,-5.857,-0.454
5.286,-5.571,-0.722
5.286,-5.286,-0.613
5.286,-5,-0.299
5.286,-4.714,-0.592
5.286,-4.429,-0.183
5.286,-4.143,-0.006
5.286,-3.857,0.138
5.286,-3.571,0.291
5.286,-3.286,0.837
5.286,-3,1.573
5.286,-2.714,1.377
5.286,-2.429,1.894
5.286,-2.143,2.529
5.286,-1.857,2.91
5.286,-1.571,3.445
5.286,-1.286,3.043
5.286,-1,3.69
5.286,-0.714,3.945
5.286,-0.429,3.78
5.286,-0.143,4.315
5.286,0.143,4.166
5.286,0.429,4.114
5.286,0.714,3.736
5.286,1,3.873
5.286,1.286,3.346
5.286,1.571,3.031
5.286,1.857,2.727
5.286,2.143,2.602
5.286,2.429,2.298
5.286,2.714,1.798
5.286,3,1.363
5.286,3.286,1.036
5.286,3.571,0.509
5.286,3.857,0.013
5.286,4.143,0.223
5.286,4.429,-0.201
5.286,4.714,-0.294
5.286,5,-0.55
5.286,5.286,-0.759
5.286,5.571,-0.513
5.286,5.857,-0.288
5.286,6.143,-0.766
5.286,6.429,-0.339
5.286,6.714,-0.01
5.286,7,-0.139
5.286,7.286,-0.031
5.286,7.571,0.025
5.286,7.857,0.144
5.286,8.143,0.313
5.286,8.429,0.22
5.286,8.714,0.038
5.286,9,0.104
5.571,-9,0.352
5.571,-8.714,0.428
5.571,-8.429,0.395
5.571,-8.143,0.227
5.571,-7.857,0.704
5.571,-7.571,-0.075
5.571,-7.286,0.365
5.571,-7,-0.259
5.571,-6.714,-0.17
5.571,-6.429,0.115
5.571,-6.143,-0.234
5.571,-5.857,-0.429
5.571,-5.571,-0.525
5.571,-5.286,-0.346
5.571,-5,-0.377
5.571,-4.714,-0.451
5.571,-4.429,-0.262
5.571,-4.143,-0.08
5.571,-3.857,0.132
5.571,-3.571,-0.006
5.571,-3.286,1.06
5.571,-3,1.155
5.571,-2.714,1.507
5.571,-2.429,1.742
5.571,-2.143,2.575
5.571,-1.857,2.86
5.571,-1.571,3.065
5.571,-1.286,3.027
5.571,-1,3.356
5.571,-0.714,3.949
5.571,-0.429,3.941
5.571,-0.143,3.888
5.571,0.143,3.99
5.571,0.429,3.937
5.571,0.714,3.68
5.571,1,3.278
5.571,1.286,3.173
5.571,1.571,2.923
5.571,1.857,2.734
5.571,2.143,2.575
5.571,2.429,1.727
5.571,2.714,1.231
5.571,3,0.972
5.571,3.286,0.687
5.571,3.571,0.368
5.571,3.857,0.088
5.571,4.143,0.018
5.571,4.429,-0.198
5.571,4.714,-0.564
5.571,5,-0.405
5.571,5.286,-0.314
5.571,5.571,-0.31
5.571,5.857,0.033
5.571,6.143,-0.12
5.571,6.429,-0.414
5.571,6.714,-0.572
5.571,7,0.21
5.571,7.286,0.15
5.571,7.571,0.258
5.571,7.857,0.46
5.571,8.143,0.433
5.571,8.429,0.471
5.571,8.714,0.452
5.571,9,0.291
5.857,-9,0.843
5.857,-8.714,0.778
5.857,-8.429,0.552
5.857,-8.143,0.632
5.857,-7.857,0.346
5.857,-7.571,0.399
5.857,-7.286,0.313
5.857,-7,0.114
5.857,-6.714,0.022
5.857,-6.429,-0.032
5.857,-6.143,0.079
5.857,-5.857,-0.439
5.857,-5.571,-0.616
5.857,-5.286,-0.532
5.857,-5,-0.327
5.857,-4.714,-0.375
5.857,-4.429,-0.273
5.857,-4.143,-0.118
5.857,-3.857,0.272
5.857,-3.571,0.286
5.857,-3.286,0.734
5.857,-3,0.973
5.857,-2.714,1.417
5.857,-2.429,1.466
5.857,-2.143,1.949
5.857,-1.857,2.416
5.857,-1.571,2.761
5.857,-1.286,2.991
5.857,-1,3.024
5.857,-0.714,3.413
5.857,-0.429,3.392
5.857,-0.143,3.607
5.857,0.143,3.853
5.857,0.429,3.66
5.857,0.714,3.461
5.857,1,3.255
5.857,1.286,3.212
5.857,1.571,2.518
5.857,1.857,2.529
5.857,2.143,2.011
5.857,2.429,1.702
5.857,2.714,1.593
5.857,3,0.928
5.857,3.286,0.606
5.857,3.571,0.535
5.857,3.857,-0.135
5.857,4.143,0.089
5.857,4.429,-0.379
5.857,4.714,-0.031
5.857,5,-0.245
5.857,5.286,-0.221
5.857,5.571,-0.445
5.857,5.857,-0.419
5.857,6.143,-0.296
5.857,6.429,0.015
5.857,6.714,-0.056
5.857,7,0.504
5.857,7.286,0.148
5.857,7.571,0.316
5.857,7.857,0.836
5.857,8.143,0.669
5.857,8.429,0.47
5.857,8.714,0.698
5.857,9,0.851
6.143,-9,0.723
6.143,-8.714,0.671
6.143,-8.429,0.998
6.143,-8.143,0.517
6.143,-7.857,0.692
6.143,-7.571,0.551
6.143,-7.286,0.429
6.143,-7,0.515
6.143,-6.714,0.432
6.143,-6.429,-0.21
6.143,-6.143,-0.097
6.143,-5.857,-0.371
6.143,-5.571,-0.407
6.143,-5.286,-0.489
6.143,-5,-0.727
6.143,-4.714,-0.636
6.143,-4.429,-0.638
6.143,-4.143,0.171
6.143,-3.857,0.163
6.143,-3.571,0.393
6.143,-3.286,0.346
6.143,-3,1.005
6.143,-2.714,1.39
6.143,-2.429,1.668
6.143,-2.143,1.701
6.143,-1.857,2.204
6.143,-1.571,2.331
6.143,-1.286,3.185
6.143,-1,3.03
6.143,-0.714,2.917
6.143,-0.429,3.381
6.143,-0.143,3.244
6.143,0.143,3.102
6.143,0.429,3.093
6.143,0.714,3.258
6.143,1,2.948
6.143,1.286,2.913
6.143,1.571,2.12
6.143,1.857,2.141
6.143,2.143,2.15
6.143,2.429,1.627
6.143,2.714,1.018
6.143,3,0.593
6.143,3.286,0.759
6.143,3.571,0.21
6.143,3.857,0.265
6.143,4.143,-0.45
6.143,4.429,-0.082
6.143,4.714,-0.331
6.143,5,-0.352
6.143,5.286,-0.244
6.143,5.571,-0.34
6.143,5.857,-0.088
6.143,6.143,0.139
6.143,6.429,-0.246
6.143,6.714,-0.148
6.143,7,0.57
6.143,7.286,0.676
6.143,7.571,0.263
6.143,7.857,0.47
6.143,8.143,0.502
6.143,8.429,0.939
6.143,8.714,0.642
6.143,9,0.764
6.429,-9,1.167
6.429,-8.714,1.065
6.429,-8.429,0.98
6.429,-8.143,1.052
6.429,-7.857,0.594
6.429,-7.571,0.846
6.429,-7.286,0.477
6.429,-7,0.314
6.429,-6.714,0.453
6.429,-6.429,0.191
6.429,-6.143,-0.102
6.429,-5.857,-0.153
6.429,-5.571,-0.277
6.429,-5.286,0.023
6.429,-5,-0.526
6.429,-4.714,-0.613
6.429,-4.429,-0.412
6.429,-4.143,-0.182
6.429,-3.857,0.118
6.429,-3.571,0.434
6.429,-3.286,0.492
6.429,-3,0.668
6.429,-2.714,1.142
6.429,-2.429,1.057
6.429,-2.143,1.51
6.429,-1.857,2.072
6.429,-1.571,2.162
6.429,-1.286,2.219
6.429,-1,2.928
6.429,-0.714,2.993
6.429,-0.429,2.689
6.429,-0.143,2.86
6.429,0.143,2.793
6.429,0.429,3.019
6.429,0.714,3.112
6.429,1,2.866
6.429,1.286,2.422
6.429,1.571,2.318
6.429,1.857,1.986
6.429,2.143,1.584
6.429,2.429,1.272
6.429,2.714,0.969
6.429,3,0.712
6.429,3.286,0.453
6.429,3.571,0.128
6.429,3.857,0.128
6.429,4.143,-0.033
6.429,4.429,-0.558
6.429,4.714,-0.756
6.429,5,-0.125
6.429,5.286,-0.366
6.429,5.571,-0.201
6.429,5.857,0.051
6.429,6.143,0.127
6.429,6.429,0.291
6.429,6.714,0.087
6.429,7,0.433
6.429,7.286,0.556
6.429,7.571,0.688
6.429,7.857,0.864
6.429,8.143,0.901
6.429,8.429,0.89
6.429,8.714,0.795
6.429,9,1.036
6.714,-9,1.228
6.714,-8.714,1.256
6.714,-8.429,0.971
6.714,-8.143,1.001
6.714,-7.857,0.931
6.714,-7.571,0.976
6.714,-7.286,0.864
6.714,-7,0.455
6.714,-6.714,0.423
6.714,-6.429,0.357
6.714,-6.143,0.197
6.714,-5.857,-0.131
6.714,-5.571,-0.51
6.714,-5.286,-0.46
6.714,-5,-0.434
6.714,-4.714,-0.334
6.714,-4.429,-0.33
6.714,-4.143,-0.174
6.714,-3.857,0.229
6.714,-3.571,0.082
6.714,-3.286,0.219
6.714,-3,0.633
6.714,-2.714,0.982
6.714,-2.429,1.102
6.714,-2.143,1.638
6.714,-1.857,2.094
6.714,-1.571,1.628
6.714,-1.286,2.218
6.714,-1,2.624
6.714,-0.714,2.537
6.714,-0.429,2.65
6.714,-0.143,3.027
6.714,0.143,2.671
6.714,0.429,3.037
6.714,0.714,2.807
6.714,1,2.529
6.714,1.286,2.238
6.714,1.571,2.044
6.714,1.857,1.582
6.714,2.143,1.164
6.714,2.429,1.014
6.714,2.714,0.384
6.714,3,0.517
6.714,3.286,0.242
6.714,3.571,0.026
6.714,3.857,-0.017
6.714,4.143,-0.457
6.714,4.429,-0.54
6.714,4.714,-0.128
6.714,5,-0.089
6.714,5.286,-0.22
6.714,5.571,-0.152
6.714,5.857,0.161
6.714,6.143,0.241
6.714,6.429,0.026
6.714,6.714,0.294
6.714,7,0.421
6.714,7.286,1.079
6.714,7.571,0.779
6.714,7.857,1.007
6.714,8.143,1.417
6.714,8.429,1.14
6.714,8.714,1.4
6.714,9,1.294
7,-9,1.1
7,-8.714,1.596
7,-8.429,1.368
7,-8.143,1.139
7,-7.857,1.105
7,-7.571,1.207
7,-7.286,0.974
7,-7,1.104
7,-6.714,0.583
7,-6.429,0.681
7,-6.143,0.054
7,-5.857,0.138
7,-5.571,-0.172
7,-5.286,-0.536
7,-5,-0.313
7,-4.714,-0.323
7,-4.429,-0.109
7,-4.143,-0.643
7,-3.857,-0.161
7,-3.571,0.114
7,-3.286,0.11
7,-3,0.398
7,-2.714,0.54
7,-2.429,1.015
7,-2.143,0.994
7,-1.857,1.292
7,-1.571,1.659
7,-1.286,1.962
7,-1,2.009
7,-0.714,2.227
7,-0.429,2.279
7,-0.143,2.507
7,0.143,2.279
7,0.429,2.263
7,0.714,2.042
7,1,2.255
7,1.286,1.897
7,1.571,1.714
7,1.857,1.418
7,2.143,1.302
7,2.429,1.019
7,2.714,0.544
7,3,0.318
7,3.286,0.186
7,3.571,0.15
7,3.857,-0.311
7,4.143,0.011
7,4.429,-0.386
7,4.714,-0.362
7,5,-0.06
7,5.286,-0.433
7,5.571,-0.072
7,5.857,0.223
7,6.143,0
7,6.429,0.522
7,6.714,0.994
7,7,0.952
7,7.286,1.001
7,7.571,1.049
7,7.857,1.39
7,8.143,1.207
7,8.429,1.678
7,8.714,1.594
7,9,1.424
7.286,-9,1.404
7.286,-8.714,1.51
7.286,-8.429,1.728
7.286,-8.143,1.457
7.286,-7.857,1.149
7.286,-7.571,1.236
7.286,-7.286,1.225
7.286,-7,0.909
7.286,-6.714,0.493
7.286,-6.429,0.692
7.286,-6.143,0.338
7.286,-5.857,0.144
7.286,-5.571,0.325
7.286,-5.286,-0.17
7.286,-5,0.004
7.286,-4.714,-0.033
7.286,-4.429,-0.768
7.286,-4.143,0.038
7.286,-3.857,-0.556
7.286,-3.571,-0.181
7.286,-3.286,-0.355
7.286,-3,0.465
7.286,-2.714,0.207
7.286,-2.429,0.464
7.286,-2.143,0.729
7.286,-1.857,1.167
7.286,-1.571,1.433
7.286,-1.286,1.611
7.286,-1,1.814
7.286,-0.714,1.835
7.286,-0.429,2.071
7.286,-0.143,2.176
7.286,0.143,2.186
7.286,0.429,1.833
7.286,0.714,1.84
7.286,1,2.011
7.286,1.286,1.671
7.286,1.571,1.392
7.286,1.857,0.908
7.286,2.143,1.008
7.286,2.429,0.347
7.286,2.714,0.617
7.286,3,0.006
7.286,3.286,0.138
7.286,3.571,-0.118
7.286,3.857,-0.305
7.286,4.143,-0.294
7.286,4.429,-0.569
7.286,4.714,-0.312
7.286,5,-0.401
7.286,5.286,-0.162
7.286,5.571,-0.16
7.286,5.857,0.165
7.286,6.143,0.268
7.286,6.429,0.737
7.286,6.714,1.004
7.286,7,0.698
7.286,7.286,1.419
7.286,7.571,1.359
7.286,7.857,1.463
7.286,8.143,1.523
7.286,8.429,1.489
7.286,8.714,1.821
7.286,9,1.562
7.571,-9,1.722
7.571,-8.714,2.027
7.571,-8.429,1.939
7.571,-8.143,1.684
7.571,-7.857,1.873
7.571,-7.571,2.04
7.571,-7.286,1.336
7.571,-7,1.209
7.571,-6.714,1.327
7.571,-6.429,0.831
7.571,-6.143,0.508
7.571,-5.857,0.394
7.571,-5.571,-0.001
7.571,-5.286,0.276
7.571,-5,-0.361
7.571,-4.714,-0.576
7.571,-4.429,-0.563
7.571,-4.143,-0.467
7.571,-3.857,-0.323
7.571,-3.571,-0.266
7.571,-3.286,-0.163
7.571,-3,-0.191
7.571,-2.714,0.076
7.571,-2.429,0.074
7.571,-2.143,0.409
7.571,-1.857,0.78
7.571,-1.571,0.991
7.571,-1.286,1.401
7.571,-1,1.418
7.571,-0.714,1.436
7.571,-0.429,2.044
7.571,-0.143,1.865
7.571,0.143,1.724
7.571,0.429,1.469
7.571,0.714,1.676
7.571,1,1.482
7.571,1.286,1.11
7.571,1.571,1.013
7.571,1.857,0.958
7.571,2.143,0.58
7.571,2.429,0.517
7.571,2.714,0.368
7.571,3,0.282
7.571,3.286,-0.077
7.571,3.571,-0.257
7.571,3.857,-0.196
7.571,4.143,-0.467
7.571,4.429,-0.246
7.571,4.714,-0.25
7.571,5,0.029
7.571,5.286,-0.026
7.571,5.571,0.048
7.571,5.857,0.314
7.571,6.143,0.425
7.571,6.429,0.727
7.571,6.714,1.186
7.571,7,1.136
7.571,7.286,1.624
7.571,7.571,1.425
7.571,7.857,1.904
7.571,8.143,1.74
7.571,8.429,1.643
7.571,8.714,1.721
7.571,9,1.443
7.857,-9,2.098
7.857,-8.714,1.896
7.857,-8.429,1.908
7.857,-8.143,2.185
7.857,-7.857,2.015
7.857,-7.571,1.705
7.857,-7.286,1.539
7.857,-7,1.515
7.857,-6.714,1.311
7.857,-6.429,1.134
7.857,-6.143,0.508
7.857,-5.857,0.432
7.857,-5.571,0.031
7.857,-5.286,-0.242
7.857,-5,-0.091
7.857,-4.714,-0.468
7.857,-4.429,-0.354
7.857,-4.143,-0.288
7.857,-3.857,-0.719
7.857,-3.571,-0.402
7.857,-3.286,-0.251
7.857,-3,-0.574
7.857,-2.714,0.032
7.857,-2.429,0.098
7.857,-2.143,0.225
7.857,-1.857,0.267
7.857,-1.571,0.902
7.857,-1.286,0.542
7.857,-1,1.02
7.857,-0.714,0.981
7.857,-0.429,1.204
7.857,-0.143,1.038
7.857,0.143,1.15
7.857,0.429,1.263
7.857,0.714,1.187
7.857,1,1.176
7.857,1.286,1.039
7.857,1.571,0.854
7.857,1.857,0.419
7.857,2.143,0.265
7.857,2.429,0.211
7.857,2.714,-0.056
7.857,3,-0.195
7.857,3.286,0.017
7.857,3.571,0.273
7.857,3.857,-0.476
7.857,4.143,-0.284
7.857,4.429,-0.482
7.857,4.714,-0.304
7.857,5,-0.262
7.857,5.286,0.002
7.857,5.571,0.135
7.857,5.857,0.614
7.857,6.143,0.682
7.857,6.429,0.768
7.857,6.714,1.129
7.857,7,1.335
7.857,7.286,1.91
7.857,7.571,1.795
7.857,7.857,2.298
7.857,8.143,2.203
7.857,8.429,2.187
7.857,8.714,2.132
7.857,9,1.95
8.143,-9,2.365
8.143,-8.714,2.369
8.143,-8.429,2.627
8.143,-8.143,2.137
8.143,-7.857,2.19
8.143,-7.571,2.04
8.143,-7.286,1.998
8.143,-7,1.748
8.143,-6.714,1.038
8.143,-6.429,1.193
8.143,-6.143,1.05
8.143,-5.857,0.638
8.143,-5.571,0.227
8.143,-5.286,0.151
8.143,-5,-0.214
8.143,-4.714,-0.127
8.143,-4.429,-0.31
8.143,-4.143,-0.474
8.143,-3.857,-0.684
8.143,-3.571,-0.707
8.143,-3.286,-0.484
8.143,-3,-0.488
8.143,-2.714,-0.102
8.143,-2.429,0.112
8.143,-2.143,-0.058
8.143,-1.857,-0.118
8.143,-1.571,0.379
8.143,-1.286,0.483
8.143,-1,0.813
8.143,-0.714,0.893
8.143,-0.429,1.029
8.143,-0.143,0.984
8.143,0.143,0.857
8.143,0.429,0.747
8.143,0.714,0.731
8.143,1,0.436
8.143,1.286,0.312
8.143,1.571,0.305
8.143,1.857,0.135
8.143,2.143,0.192
8.143,2.429,-0.322
8.143,2.714,-0.044
8.143,3,-0.19
8.143,3.286,-0.406
8.143,3.571,-0.758
8.143,3.857,-0.537
8.143,4.143,-0.279
8.143,4.429,-0.722
8.143,4.714,-0.45
8.143,5,-0.334
8.143,5.286,0.114
8.143,5.571,0.303
8.143,5.857,0.386
8.143,6.143,0.855
8.143,6.429,1.293
8.143,6.714,1.556
8.143,7,1.862
8.143,7.286,1.905
8.143,7.571,1.892
8.143,7.857,1.966
8.143,8.143,2.244
8.143,8.429,2.3
8.143,8.714,2.027
8.143,9,1.774
8.429,-9,2.118
8.429,-8.714,2.321
8.429,-8.429,1.954
8.429,-8.143,2.689
8.429,-7.857,2.428
8.429,-7.571,2.618
8.429,-7.286,2.111
8.429,-7,2.06
8.429,-6.714,1.832
8.429,-6.429,1.4
8.429,-6.143,1.084
8.429,-5.857,0.59
8.429,-5.571,0.094
8.429,-5.286,-0.09
8.429,-5,-0.01
8.429,-4.714,-0.54
8.429,-4.429,-0.855
8.429,-4.143,-0.394
8.429,-3.857,-0.646
8.429,-3.571,-0.609
8.429,-3.286,-0.728
8.429,-3,-0.631
8.429,-2.714,-0.167
8.429,-2.429,-0.397
8.429,-2.143,-0.173
8.429,-1.857,0.194
8.429,-1.571,0.389
8.429,-1.286,0.313
8.429,-1,0.498
8.429,-0.714,0.48
8.429,-0.429,0.597
8.429,-0.143,1.018
8.429,0.143,0.541
8.429,0.429,0.486
8.429,0.714,0.438
8.429,1,0.394
8.429,1.286,0.232
8.429,1.571,0.366
8.429,1.857,0.16
8.429,2.143,-0.143
8.429,2.429,-0.493
8.429,2.714,-0.702
8.429,3,-0.534
8.429,3.286,-0.256
8.429,3.571,-0.7
8.429,3.857,-0.677
8.429,4.143,-0.858
8.429,4.429,-0.436
8.429,4.714,-0.418
8.429,5,0.041
8.429,5.286,0.061
8.429,5.571,0.608
8.429,5.857,0.754
8.429,6.143,1.147
8.429,6.429,1.551
8.429,6.714,1.44
8.429,7,1.725
8.429,7.286,2.006
8.429,7.571,2.143
8.429,7.857,2.332
8.429,8.143,2.583
8.429,8.429,2.56
8.429,8.714,2.532
8.429,9,2.56
8.714,-9,2.347
8.714,-8.714,2.481
8.714,-8.429,3.286
8.714,-8.143,2.854
8.714,-7.857,2.579
8.714,-7.571,2.214
8.714,-7.286,2.24
8.714,-7,1.746
8.714,-6.714,1.396
8.714,-6.429,1.672
8.714,-6.143,0.961
8.714,-5.857,1.068
8.714,-5.571,0.733
8.714,-5.286,0.114
8.714,-5,-0.194
8.714,-4.714,-0.06
8.714,-4.429,-0.505
8.714,-4.143,-0.614
8.714,-3.857,-0.891
8.714,-3.571,-0.973
8.714,-3.286,-0.492
8.714,-3,-0.663
8.714,-2.714,-0.957
8.714,-2.429,-0.579
8.714,-2.143,-0.675
8.714,-1.857,-0.156
8.714,-1.571,-0.292
8.714,-1.286,-0.048
8.714,-1,-0.072
8.714,-0.714,0.312
8.714,-0.429,0.591
8.714,-0.143,0.371
8.714,0.143,0.157
8.714,0.429,0.51
8.714,0.714,0.655
8.714,1,-0.407
8.714,1.286,-0.087
8.714,1.571,0.004
8.714,1.857,-0.37
8.714,2.143,-0.161
8.714,2.429,-0.461
8.714,2.714,-0.658
8.714,3,-0.609
8.714,3.286,-0.741
8.714,3.571,-0.789
8.714,3.857,-0.771
8.714,4.143,-0.871
8.714,4.429,-0.368
8.714,4.714,-0.369
8.714,5,-0.369
8.714,5.286,0.119
8.714,5.571,0.349
8.714,5.857,0.446
8.714,6.143,1.068
8.714,6.429,1.847
8.714,6.714,1.824
8.714,7,1.828
8.714,7.286,2.302
8.714,7.571,2.583
8.714,7.857,2.328
8.714,8.143,2.306
8.714,8.429,2.472
8.714,8.714,2.828
8.714,9,2.458
9,-9,2.555
9,-8.714,3.117
9,-8.429,2.847
9,-8.143,2.782
9,-7.857,2.782
9,-7.571,2.492
9,-7.286,2.431
9,-7,2.211
9,-6.714,1.71
9,-6.429,1.258
9,-6.143,1.182
9,-5.857,0.909
9,-5.571,0.497
9,-5.286,0.243
9,-5,-0.204
9,-4.714,-0.481
9,-4.429,-0.471
9,-4.143,-0.677
9,-3.857,-0.726
9,-3.571,-1.063
9,-3.286,-0.731
9,-3,-0.642
9,-2.714,-0.779
9,-2.429,-0.774
9,-2.143,-0.463
9,-1.857,-0.879
9,-1.571,-0.377
9,-1.286,-0.465
9,-1,-0.157
9,-0.714,-0.467
9,-0.429,0.104
9,-0.143,-0.13
9,0.143,0.012
9,0.429,-0.127
9,0.714,-0.18
9,1,-0.152
9,1.286,-0.315
9,1.571,-0.427
9,1.857,-0.717
9,2.143,-0.97
9,2.429,-0.806
9,2.714,-1.026
9,3,-0.979
9,3.286,-1.025
9,3.571,-1.366
9,3.857,-0.912
9,4.143,-1.099
9,4.429,-0.686
9,4.714,-0.371
9,5,-0.3
9,5.286,0.228
9,5.571,0.533
9,5.857,0.973
9,6.143,0.885
9,6.429,1.477
9,6.714,1.663
9,7,2.355
9,7.286,2.331
9,7.571,2.65
9,7.857,2.724
9,8.143,2.576
9,8.429,2.86
9,8.714,2.858
9,9,2.385
