precio;margen;unidades;beneficio
26,72;0,488;34;480,43
41,19;0,595;10;226,53
24,37;0,469;4;42,08
5,58;0,169;38;35,84
9,48;0,158;1;1,65
53,67;0,158;57;432,02
25,22;0,118;2;6,16
11,57;0,459;20;114,21
5,58;0,515;117;385,05
22,49;0,325;108;845,87
93,10;0,583;10;463,22
7,62;0,104;30;22,06
11,03;0,189;17;40,58
20,26;0,143;186;477,13
15,65;0,186;224;623,32
29,26;0,131;26;86,22
19,86;0,469;52;554,67
21,30;0,534;182;2070,27
233,52;0,126;4;123,85
112,74;0,089;52;510,64
157,65;0,240;219;9432,62
152,85;0,335;1;53,34
126,50;0,528;55;3564,97
93,61;0,143;6;76,86
63,91;0,288;2;41,67
63,42;0,599;9;295,89
276,01;0,336;15;1497,75
5,97;0,423;11;29,63
48,30;0,441;1;20,42
24,54;0,094;12;26,20
9,99;0,512;122;714,67
229,18;0,368;3;267,05
10,59;0,571;71;410,39
36,63;0,144;65;344,88
11,88;0,085;168;178,92
12,51;0,276;30;118,34
5,88;0,486;63;157,65
298,07;0,132;8;300,84
60,89;0,443;1;24,23
88,38;0,101;227;1822,31
54,66;0,379;94;1684,04
85,59;0,144;16;201,99
152,85;0,285;19;870,02
392,85;0,446;17;2594,84
5,68;0,178;1;0,97
33,74;0,312;1;10,21
24,82;0,463;1;12,55
37,41;0,263;128;1441,68
5,82;0,536;3;8,42
5,78;0,171;237;237,13
5,30;0,583;9;29,93
239,67;0,051;70;726,37
9,35;0,533;6;32,60
14,65;0,194;8;24,82
62,12;0,550;97;3451,72
41,19;0,099;13;51,29
8,93;0,324;8;21,11
269,94;0,598;13;1926,73
465,56;0,464;77;18200,64
12,41;0,386;9;47,50
6,08;0,480;43;115,98
342,79;0,137;11;509,65
94,88;0,518;9;402,51
95,14;0,477;55;2697,56
14,99;0,240;22;90,46
72,39;0,398;1;25,04
10,87;0,348;2;7,68
8,06;0,519;106;470,01
38,54;0,157;116;798,03
20,90;0,200;1;4,59
94,22;0,571;1;59,40
126,52;0,590;1;75,01
223,54;0,343;20;1576,52
308,38;0,440;64;7569,14
73,29;0,492;79;2858,25
33,18;0,594;139;2982,98
6,40;0,366;4;9,26
53,44;0,141;92;787,89
6,98;0,196;217;322,04
9,04;0,157;2;2,52
26,10;0,251;72;477,79
198,88;0,196;18;769,22
170,72;0,442;28;1818,00
148,97;0,177;65;1671,99
79,22;0,370;87;2660,16
317,66;0,517;14;2282,38
470,47;0,368;83;12362,43
10,92;0,517;2;10,32
22,24;0,246;6;33,91
62,47;0,484;2;60,32
175,16;0,129;6;127,91
42,67;0,458;1;22,25
226,06;0,093;4;89,99
8,30;0,486;13;53,58
385,70;0,250;2;189,53
239,55;0,238;26;1440,71
14,00;0,170;181;486,78
104,35;0,174;6;118,84
10,88;0,419;132;579,31
153,68;0,404;40;2741,20
49,32;0,122;104;574,02
6,03;0,553;3;8,59
5,47;0,489;41;116,43
350,97;0,059;13;263,81
70,48;0,530;215;9043,29
345,17;0,582;38;6722,51
5,99;0,368;9;17,19
47,12;0,054;2;5,29
29,14;0,055;19;25,85
263,46;0,372;199;17857,84
201,74;0,472;9;810,56
425,24;0,143;1;54,85
331,33;0,289;11;1021,32
28,73;0,527;28;393,53
461,04;0,517;1;204,54
28,06;0,522;243;3925,93
17,84;0,151;137;343,90
5,18;0,398;149;266,99
32,30;0,520;7;121,91
18,04;0,080;1;1,43
182,73;0,178;208;6654,93
25,66;0,175;20;96,85
8,57;0,143;5;6,69
251,90;0,146;26;880,95
462,91;0,232;2;217,65
11,29;0,235;2;4,64
39,23;0,242;43;443,01
380,19;0,532;28;5250,93
158,71;0,486;119;9162,54
36,01;0,491;54;1000,14
6,95;0,562;21;86,47
9,09;0,537;9;44,84
22,72;0,231;2;11,02
23,40;0,285;18;115,09
6,88;0,184;65;89,40
196,07;0,486;2;199,15
31,47;0,514;1;15,31
39,40;0,489;5;98,93
481,01;0,174;18;1668,27
11,73;0,533;8;52,29
9,91;0,193;8;16,73
133,03;0,099;243;3294,60
351,72;0,178;1;61,79
40,84;0,553;25;607,13
22,09;0,226;2;8,51
56,62;0,534;6;195,47
60,84;0,518;234;6901,20
165,25;0,594;87;8322,60
19,58;0,274;1;5,37
204,45;0,580;4;543,96
11,64;0,443;2;10,13
19,30;0,218;3;13,64
9,19;0,246;4;10,34
6,14;0,139;47;45,63
315,28;0,219;130;9768,19
26,59;0,054;11;17,56
96,12;0,194;87;1640,64
28,40;0,127;173;605,20
57,80;0,484;87;2235,04
39,53;0,591;26;695,22
40,50;0,212;5;48,99
97,15;0,167;4;65,45
164,26;0,488;5;343,07
17,11;0,424;8;49,92
6,94;0,332;3;6,08
40,25;0,139;20;103,36
10,99;0,194;186;349,99
228,07;0,555;129;17598,87
365,86;0,421;58;7795,06
14,97;0,078;59;68,03
22,51;0,173;8;30,54
52,72;0,435;2;40,60
46,11;0,079;4;15,44
22,53;0,066;16;23,69
215,30;0,402;25;1986,23
8,24;0,068;15;8,45
14,14;0,185;59;162,19
5,02;0,134;52;32,28
22,77;0,159;22;75,82
316,90;0,447;17;2275,90
192,85;0,590;30;2994,49
65,06;0,156;2;21,27
127,99;0,123;139;2219,78
138,24;0,162;4;98,64
5,16;0,574;1;2,98
27,98;0,295;45;424,44
5,16;0,068;5;1,95
5,18;0,240;135;190,43
370,87;0,380;47;6568,25
432,16;0,355;17;2965,37
72,11;0,411;3;97,93
276,91;0,194;8;397,86
425,25;0,572;2;509,26
6,76;0,220;1;1,42
8,48;0,459;4;17,56
10,68;0,120;140;174,52
257,43;0,275;13;866,67
100,40;0,310;100;2708,76
129,59;0,505;181;12667,85
57,41;0,594;15;505,64
205,49;0,375;197;15077,21
6,22;0,368;1;2,37
352,63;0,076;3;76,62
44,63;0,368;27;396,33
54,41;0,115;18;108,47
416,54;0,466;1;182,26
269,24;0,580;57;9375,48
36,13;0,117;28;108,09
16,05;0,290;5;24,64
65,20;0,346;128;2980,72
14,09;0,251;220;832,35
205,16;0,137;11;329,71
315,71;0,399;2;277,63
54,32;0,419;217;4948,74
25,26;0,099;5;14,16
6,93;0,242;2;3,19
6,00;0,186;10;10,64
8,00;0,561;25;120,41
21,57;0,503;61;663,17
191,76;0,208;4;169,58
492,41;0,090;4;157,48
13,16;0,562;9;59,74
443,32;0,562;19;4929,08
136,55;0,222;71;2309,64
341,20;0,592;6;1329,24
39,41;0,570;2;38,29
5,51;0,187;38;44,43
227,95;0,231;5;292,22
216,04;0,461;8;690,49
11,95;0,439;201;983,54
6,63;0,554;11;42,68
32,33;0,385;81;982,16
102,47;0,501;40;2245,39
92,16;0,177;5;93,28
108,91;0,145;1;14,10
7,37;0,386;3;9,61
29,98;0,149;47;222,45
278,25;0,392;3;324,28
40,22;0,149;3;19,88
357,57;0,483;60;10101,37
5,97;0,118;39;26,04
408,22;0,538;128;30528,76
8,41;0,506;11;39,87
46,48;0,271;134;1819,65
158,23;0,099;1;15,91
389,69;0,463;15;3052,12
51,78;0,357;1;19,60
248,31;0,240;22;1469,77
264,54;0,307;3;262,47
466,43;0,306;13;1671,93
135,11;0,136;9;154,90
141,47;0,564;117;8758,01
414,42;0,272;156;16681,52
26,01;0,393;3;29,80
7,89;0,372;17;52,63
49,01;0,458;29;570,18
384,32;0,396;127;20862,56
63,52;0,584;22;799,57
26,35;0,485;51;672,11
17,42;0,264;131;611,00
7,55;0,188;8;10,20
22,12;0,171;16;56,22
84,79;0,329;2;47,62
421,20;0,260;31;3159,70
8,38;0,374;89;267,61
160,80;0,524;23;1910,88
38,49;0,094;5;17,08
24,51;0,545;2;27,48
14,22;0,580;3;24,40
21,98;0,588;16;200,89
415,48;0,198;31;2748,98
8,35;0,395;55;199,32
13,35;0,341;107;546,62
404,78;0,078;76;2545,11
281,30;0,087;2;51,85
379,99;0,355;3;418,54
44,73;0,091;76;354,78
7,94;0,481;3;10,91
64,47;0,333;113;2686,34
66,91;0,486;12;357,70
8,26;0,511;11;40,09
183,89;0,547;8;727,18
7,44;0,328;13;34,24
214,40;0,266;1;62,97
407,28;0,228;2;203,45
109,66;0,589;11;632,77
23,44;0,380;102;1042,96
132,35;0,130;47;924,76
112,24;0,108;44;576,89
9,29;0,180;11;18,63
5,43;0,514;28;77,01
48,93;0,274;235;3273,85
200,61;0,407;176;13878,47
20,94;0,249;1;5,13
159,24;0,367;50;3135,80
132,60;0,548;72;5561,64
205,37;0,117;6;141,29
10,84;0,227;156;437,26
9,08;0,183;244;399,95
17,09;0,352;96;548,58
10,68;0,159;16;26,40
66,89;0,146;24;236,30
174,44;0,162;63;1767,56
47,00;0,185;8;61,53
33,20;0,536;70;1312,93
20,86;0,536;39;399,83
31,03;0,356;4;41,91
11,74;0,443;43;221,13
13,14;0,224;72;240,78
14,91;0,117;39;60,97
283,67;0,567;9;1416,23
139,37;0,212;25;836,05
33,24;0,374;1;12,37
16,01;0,104;10;17,44
20,76;0,242;2;9,90
6,96;0,467;2;6,62
8,65;0,355;7;21,02
32,48;0,246;54;462,01
6,83;0,572;3;12,14
279,51;0,121;117;3433,70
156,17;0,403;50;2814,22
400,22;0,378;99;13784,76
278,01;0,537;18;2304,61
52,61;0,317;169;2629,92
7,57;0,417;14;44,70
33,19;0,316;2;19,41
255,58;0,105;124;3747,91
10,43;0,481;2;9,70
28,15;0,405;3;32,38
91,77;0,304;10;272,52
82,99;0,125;10;90,51
257,57;0,412;22;2197,75
23,44;0,385;1;8,62
257,98;0,361;201;17198,36
17,32;0,579;4;34,47
66,74;0,184;17;235,42
16,94;0,276;8;42,51
181,56;0,178;26;792,51
65,19;0,474;1;30,59
14,07;0,592;38;312,21
7,39;0,348;14;33,15
84,79;0,114;13;136,30
257,94;0,493;7;883,86
233,23;0,297;74;5505,62
31,98;0,570;121;2116,93
10,05;0,543;37;206,46
17,23;0,140;30;80,84
49,55;0,125;6;37,97
72,50;0,505;1;41,11
219,99;0,105;29;699,32
112,76;0,386;5;224,05
47,97;0,211;166;1433,47
191,19;0,306;135;7092,33
168,58;0,545;86;7756,88
208,80;0,266;39;2401,96
22,45;0,449;1;10,54
7,40;0,067;12;5,77
288,39;0,566;4;570,35
20,50;0,080;6;10,07
210,84;0,389;8;749,78
39,46;0,264;5;48,79
321,68;0,124;2;85,50
172,23;0,182;61;2038,53
8,79;0,231;36;76,84
276,55;0,558;3;404,53
41,50;0,326;4;61,22
235,35;0,336;115;8958,49
247,02;0,173;195;9383,56
32,62;0,235;30;197,75
8,85;0,574;32;180,18
15,30;0,154;27;66,16
6,81;0,308;12;27,12
14,64;0,312;6;28,47
48,08;0,115;3;17,35
281,99;0,100;13;315,58
32,59;0,524;119;1896,88
135,22;0,123;218;4156,45
14,93;0,135;2;4,39
246,73;0,284;2;145,40
8,12;0,394;2;5,60
44,57;0,525;25;511,75
11,27;0,361;40;151,48
62,14;0,358;88;2234,66
6,92;0,180;49;61,04
38,04;0,492;3;49,42
22,66;0,599;11;129,97
133,42;0,513;3;205,20
392,01;0,176;27;2094,06
345,66;0,307;5;574,11
452,09;0,091;2;78,76
47,56;0,278;60;863,20
11,50;0,054;13;7,19
104,45;0,368;33;1319,12
153,28;0,155;2;52,23
47,35;0,066;2;7,09
6,98;0,415;10;29,76
325,00;0,527;15;2477,97
90,69;0,233;212;3912,04
257,31;0,520;4;581,02
247,67;0,481;18;2336,97
43,74;0,540;11;234,29
7,84;0,542;111;512,94
23,26;0,208;3;13,98
137,44;0,197;8;218,38
188,46;0,516;79;8646,00
8,90;0,313;8;20,20
21,68;0,475;8;73,13
391,02;0,122;38;1659,03
463,93;0,258;5;623,29
17,23;0,447;192;1362,63
357,50;0,387;63;7888,54
313,92;0,232;46;3064,19
368,42;0,267;14;1468,45
141,67;0,106;13;167,03
6,65;0,476;12;41,08
8,67;0,361;1;2,82
22,60;0,534;16;179,76
31,75;0,460;73;914,83
42,30;0,440;9;166,36
29,34;0,103;203;566,09
143,35;0,437;14;858,45
418,56;0,186;5;386,73
186,68;0,138;102;2675,03
173,25;0,356;3;185,77
96,42;0,291;2;58,66
324,20;0,315;19;2008,03
100,06;0,590;122;6619,21
133,35;0,470;3;173,16
70,07;0,141;7;60,00
88,59;0,277;57;1207,25
131,68;0,568;1;65,17
6,99;0,341;1;2,16
7,55;0,214;69;117,55
41,51;0,550;6;116,94
133,69;0,348;1;42,80
12,10;0,314;68;292,78
291,81;0,259;5;422,59
175,06;0,353;28;1869,65
67,81;0,505;94;3514,84
420,94;0,523;220;44334,53
238,58;0,550;47;6347,41
5,07;0,298;3;4,98
30,57;0,159;83;358,54
299,98;0,243;13;851,11
7,62;0,130;2;2,05
144,34;0,084;25;287,27
79,82;0,176;155;1885,80
9,81;0,533;47;260,03
7,40;0,558;100;468,73
152,15;0,595;154;12843,27
386,23;0,308;9;1021,38
96,58;0,287;12;360,67
96,80;0,306;10;266,74
7,53;0,494;4;16,53
72,48;0,197;5;80,17
7,57;0,526;6;26,01
5,73;0,158;55;51,71
10,04;0,523;7;42,28
9,53;0,365;1;3,14
6,43;0,451;5;15,68
5,11;0,352;3;5,98
126,64;0,101;2;23,75
183,52;0,467;2;163,61
5,71;0,083;6;3,09
306,16;0,482;24;3913,29
430,58;0,516;2;436,80
17,03;0,286;3;15,66
47,70;0,166;165;1170,06
100,11;0,492;5;234,25
121,11;0,427;12;681,74
5,07;0,176;14;11,07
420,33;0,408;35;6802,82
337,89;0,573;3;522,09
12,41;0,156;108;207,70
8,95;0,415;11;46,54
7,34;0,483;50;154,89
7,20;0,513;1;3,74
39,04;0,489;25;485,20
63,31;0,547;134;5101,08
103,60;0,478;21;1114,52
24,57;0,138;2;6,65
8,23;0,373;153;484,93
5,98;0,381;9;21,31
145,65;0,233;8;288,45
196,05;0,315;25;1666,32
85,33;0,107;33;343,10
16,19;0,441;93;747,84
98,09;0,346;50;1764,92
40,15;0,093;8;33,18
14,80;0,148;40;97,81
236,15;0,203;175;7920,15
8,02;0,415;1;3,18
23,05;0,457;18;196,60
8,72;0,448;32;111,17
40,73;0,206;179;1564,77
14,06;0,588;3;22,57
54,52;0,368;78;1782,91
28,87;0,360;7;83,43
277,64;0,284;1;77,40
87,70;0,357;3;89,58
14,02;0,513;3;18,65
9,65;0,178;15;27,99
5,26;0,576;1;2,66
40,46;0,107;14;52,64
243,40;0,452;58;6613,58
83,06;0,489;2;71,65
5,23;0,314;106;162,01
47,25;0,460;66;1269,44
5,74;0,166;35;31,51
9,18;0,414;1;3,42
19,29;0,474;1;8,22
10,67;0,526;9;57,66
152,67;0,499;4;350,33
16,31;0,262;104;385,73
90,38;0,371;26;967,17
104,33;0,547;1;51,75
22,05;0,311;9;53,09
201,36;0,320;219;12544,78
12,12;0,307;2;7,69
394,07;0,145;3;181,57
61,45;0,222;1;14,12
340,38;0,206;22;1419,94
89,74;0,368;44;1300,34
268,56;0,418;52;5214,66
119,30;0,307;57;1844,19
9,41;0,412;141;478,04
8,38;0,319;7;16,00
10,82;0,537;14;72,72
77,87;0,547;7;281,54
40,67;0,549;1;22,80
34,13;0,055;41;85,34
77,99;0,395;114;3677,56
146,81;0,173;19;526,28
28,80;0,351;5;43,55
438,87;0,593;3;841,90
386,21;0,501;5;895,17
16,47;0,312;4;19,06
5,01;0,115;146;87,54
354,87;0,121;4;173,78
8,37;0,227;171;321,04
7,13;0,588;7;31,26
6,14;0,052;18;5,85
13,13;0,496;2;11,39
11,03;0,458;1;4,37
327,86;0,116;4;171,74
389,17;0,180;72;5058,40
78,41;0,539;3;130,74
36,80;0,185;81;531,24
25,25;0,146;6;23,76
324,04;0,226;118;9463,25
176,59;0,333;101;5098,76
51,00;0,254;22;299,47
377,73;0,119;29;1184,97
403,40;0,068;2;61,56
30,34;0,569;16;256,40
25,26;0,514;46;565,64
13,12;0,302;5;17,49
5,25;0,185;14;13,68
9,29;0,245;1;2,27
26,91;0,261;237;1549,76
164,80;0,594;4;354,54
394,85;0,452;4;627,84
182,61;0,410;5;380,38
34,76;0,335;4;43,27
21,41;0,420;42;367,69
106,11;0,588;10;532,76
17,44;0,212;44;147,16
381,85;0,271;175;16242,99
191,42;0,277;35;1779,37
8,85;0,054;10;5,42
164,34;0,096;76;1146,59
418,63;0,392;21;3195,54
25,41;0,530;28;379,47
38,24;0,146;27;135,59
116,25;0,598;105;7581,84
11,88;0,055;8;5,48
44,95;0,212;238;2308,33
368,56;0,597;74;17984,75
226,75;0,597;8;1045,18
6,62;0,303;184;363,19
5,45;0,219;79;99,42
11,70;0,568;118;767,52
29,47;0,505;53;719,91
218,73;0,456;37;3328,73
17,31;0,458;2;17,78
8,08;0,201;7;12,52
5,33;0,521;26;64,79
68,51;0,211;5;62,25
5,61;0,290;30;47,75
491,43;0,511;178;49748,43
322,80;0,521;38;5657,87
22,50;0,090;21;39,11
95,44;0,084;7;62,09
87,19;0,537;1;46,67
249,40;0,512;2;220,96
8,05;0,233;59;104,87
7,97;0,556;2;9,22
15,87;0,533;11;82,45
18,99;0,522;2;19,08
404,35;0,299;3;355,79
7,13;0,471;158;488,40
150,34;0,223;42;1608,19
30,17;0,502;48;669,37
6,23;0,460;164;495,11
478,04;0,390;124;23354,21
73,02;0,341;100;2384,54
7,87;0,219;94;178,62
137,89;0,199;2;53,35
7,23;0,363;14;32,68
452,46;0,329;168;21407,78
12,82;0,258;7;24,78
62,74;0,407;89;2306,95
40,62;0,379;4;64,31
307,18;0,439;21;2734,66
32,60;0,262;12;92,65
32,47;0,529;5;96,36
10,82;0,264;9;21,93
8,90;0,523;9;47,52
28,15;0,484;2;26,45
55,81;0,114;74;463,70
17,22;0,122;3;6,94
25,73;0,484;109;1374,74
206,89;0,584;162;22065,93
65,38;0,355;218;5404,27
277,91;0,240;43;2997,98
14,30;0,172;21;54,04
50,71;0,073;5;20,62
99,93;0,144;25;307,73
13,93;0,428;3;16,76
31,39;0,379;157;2022,61
33,14;0,410;6;78,73
47,66;0,364;149;2798,24
154,70;0,470;240;15624,75
80,96;0,541;66;3005,95
127,39;0,501;3;204,11
28,10;0,486;8;122,31
8,84;0,568;27;137,26
139,92;0,278;87;3480,53
234,21;0,446;80;8984,54
18,03;0,119;3;5,50
25,05;0,143;30;122,18
236,32;0,397;5;527,26
81,72;0,333;6;149,22
325,94;0,552;53;10578,95
193,64;0,477;3;270,53
19,49;0,584;15;149,70
13,98;0,139;50;111,76
171,63;0,256;5;220,85
17,01;0,211;14;55,09
176,53;0,404;5;317,98
26,28;0,172;7;31,75
14,15;0,278;18;76,31
7,01;0,197;11;13,51
24,40;0,297;75;615,29
14,22;0,421;18;122,50
68,60;0,287;2;38,04
7,55;0,088;2;1,46
56,86;0,376;79;1697,54
89,08;0,454;1;41,96
6,96;0,125;2;1,73
210,93;0,437;18;1484,38
27,02;0,320;12;100,24
5,42;0,411;110;227,91
6,46;0,248;133;233,87
36,51;0,398;93;1312,33
45,15;0,376;58;1084,50
72,55;0,355;10;245,94
401,02;0,527;4;735,37
291,81;0,365;3;302,25
8,85;0,152;2;2,51
18,14;0,165;12;34,92
27,29;0,146;6;21,36
345,53;0,227;8;591,58
17,24;0,167;175;498,04
344,71;0,536;12;2106,39
9,68;0,245;228;547,30
10,93;0,360;199;856,05
96,90;0,094;4;41,49
13,51;0,125;3;5,34
33,74;0,517;12;220,17
12,44;0,425;5;27,21
208,34;0,310;2;122,98
251,34;0,396;9;772,13
115,27;0,210;102;2164,85
69,50;0,365;79;1760,68
13,78;0,143;5;9,83
60,69;0,569;2;63,85
268,75;0,218;53;3452,99
348,51;0,302;43;4767,64
18,09;0,517;112;1198,94
7,93;0,268;30;69,15
27,92;0,231;46;334,07
5,15;0,433;10;18,95
33,12;0,548;25;437,54
48,11;0,515;14;298,47
10,43;0,281;194;527,13
171,27;0,379;7;425,44
8,56;0,196;40;67,27
323,37;0,326;26;2877,06
188,55;0,089;100;1608,26
32,13;0,179;3;18,15
6,02;0,156;4;4,09
210,27;0,464;15;1615,57
49,74;0,063;8;24,35
35,22;0,190;44;292,71
5,73;0,108;174;110,55
5,64;0,578;199;677,67
16,84;0,091;167;275,44
133,32;0,430;2;117,47
12,48;0,264;9;28,96
171,43;0,205;33;1092,37
253,78;0,543;31;3679,64
77,72;0,480;64;2494,54
477,52;0,162;165;12531,65
144,45;0,317;16;739,27
314,09;0,516;1;167,61
310,32;0,475;55;8177,24
15,19;0,216;238;802,63
9,45;0,465;18;87,33
408,55;0,478;41;8869,83
5,12;0,457;4;9,36
15,04;0,513;86;756,61
206,26;0,328;2;151,21
67,17;0,519;27;929,07
367,22;0,265;8;810,55
189,36;0,158;139;3733,39
13,62;0,157;129;295,92
20,82;0,245;173;941,73
29,65;0,538;16;223,68
18,00;0,471;34;291,37
66,14;0,127;156;1190,58
301,20;0,328;13;1441,76
215,17;0,410;188;16008,38
144,31;0,484;112;8002,08
214,58;0,229;27;1172,59
11,34;0,198;3;6,82
48,51;0,155;16;130,55
283,92;0,140;7;249,01
205,55;0,170;1;37,11
17,90;0,146;121;332,61
65,33;0,536;229;8101,52
13,56;0,187;17;47,91
16,77;0,368;44;301,81
76,29;0,115;30;245,96
7,70;0,500;105;375,71
7,01;0,426;88;254,02
289,43;0,200;109;6301,49
296,82;0,151;11;493,69
11,56;0,378;41;163,45
106,95;0,159;10;178,67
31,08;0,097;5;16,33
25,05;0,297;74;470,87
433,26;0,127;81;4559,98
10,72;0,284;53;155,41
92,49;0,344;94;3005,34
100,52;0,493;2;92,58
143,28;0,332;100;5265,53
166,14;0,442;197;12917,83
71,13;0,425;65;1923,53
5,34;0,470;35;98,35
346,27;0,450;4;547,01
137,91;0,567;49;4247,29
36,02;0,569;25;511,73
17,03;0,199;13;49,50
16,32;0,358;183;986,32
40,26;0,228;14;111,14
112,14;0,548;14;792,18
332,62;0,334;21;2085,71
166,65;0,249;67;2749,09
69,43;0,179;5;55,23
9,89;0,126;132;141,03
12,05;0,467;2;11,03
235,84;0,527;2;245,53
407,04;0,056;3;72,93
7,32;0,051;1;0,36
9,48;0,114;4;3,74
22,12;0,061;15;21,48
213,28;0,472;98;8589,22
11,86;0,305;33;119,35
100,84;0,271;7;215,82
65,50;0,471;2;69,86
158,25;0,165;2;46,61
126,26;0,551;3;183,51
63,69;0,557;113;4612,17
39,62;0,537;4;77,67
213,83;0,296;39;2206,97
41,48;0,580;124;2692,03
96,96;0,211;48;993,28
56,03;0,485;4;106,50
73,23;0,495;7;271,85
401,08;0,206;82;6020,68
180,96;0,188;146;4869,17
5,09;0,240;19;23,81
12,70;0,404;185;916,18
30,47;0,264;76;537,99
349,88;0,307;2;217,55
255,51;0,423;31;2878,84
42,60;0,132;44;256,26
174,60;0,309;97;4845,90
13,18;0,251;5;18,63
263,82;0,594;10;1732,52
272,34;0,145;66;2526,96
360,35;0,157;45;2287,37
5,32;0,558;1;2,73
116,11;0,254;142;3729,81
111,64;0,064;165;1161,31
83,03;0,339;12;290,41
5,03;0,320;7;9,68
340,12;0,386;34;4229,23
445,43;0,217;1;94,08
57,30;0,344;1;17,24
12,77;0,383;2;8,40
10,51;0,056;8;4,74
161,09;0,428;53;3558,55
37,05;0,164;166;1112,30
7,02;0,489;55;187,37
7,15;0,162;26;31,62
394,13;0,470;48;7993,57
10,85;0,197;14;29,17
62,50;0,277;20;337,27
40,46;0,572;1;20,83
53,09;0,508;30;778,24
142,77;0,587;49;4579,22
8,51;0,278;19;38,48
17,13;0,582;5;55,28
45,65;0,450;11;193,47
23,35;0,576;52;706,13
273,37;0,160;95;4700,74
153,73;0,453;10;707,44
5,63;0,389;1;2,32
47,36;0,597;7;181,14
72,24;0,280;4;81,30
35,54;0,217;10;70,44
56,53;0,505;126;4033,37
5,90;0,526;36;116,36
159,10;0,476;137;9496,13
14,36;0,115;83;131,32
91,12;0,406;7;248,14
14,37;0,122;20;37,13
117,90;0,515;52;3509,25
51,99;0,500;4;99,52
20,97;0,130;23;59,58
191,66;0,580;5;600,57
62,12;0,541;1;38,62
8,75;0,082;1;0,76
369,39;0,591;64;15655,02
454,52;0,574;2;448,57
34,47;0,423;3;38,61
46,89;0,225;58;569,22
22,03;0,172;155;562,18
96,10;0,557;103;5976,25
27,91;0,198;1;4,79
99,38;0,444;37;1799,66
207,27;0,126;7;180,30
18,67;0,455;3;27,25
56,91;0,522;7;195,25
24,50;0,500;14;156,87
21,14;0,073;4;6,53
9,46;0,115;24;24,84
8,42;0,363;100;283,57
6,55;0,299;80;160,76
30,21;0,094;2;6,00
13,02;0,301;50;175,60
57,17;0,202;3;35,69
7,49;0,341;44;123,97
20,28;0,078;48;77,06
24,89;0,394;197;1649,27
33,72;0,276;1;9,48
81,81;0,510;4;188,64
7,28;0,174;1;1,43
21,98;0,485;1;10,61
127,54;0,479;3;169,26
144,42;0,528;4;268,79
72,28;0,130;10;100,48
258,70;0,175;24;956,11
121,02;0,252;13;454,18
69,59;0,398;15;385,83
62,78;0,297;83;1326,93
137,04;0,118;26;449,65
7,88;0,140;2;2,25
20,71;0,303;33;192,40
121,23;0,421;8;426,85
168,89;0,274;2;100,62
8,95;0,580;9;48,49
15,37;0,500;22;156,26
143,37;0,092;2;25,58
5,21;0,348;132;254,31
56,43;0,151;3;28,86
273,65;0,119;1;36,80
41,16;0,292;10;112,73
117,41;0,243;22;551,15
104,97;0,422;15;701,20
359,86;0,361;3;438,54
216,96;0,538;20;2014,15
21,12;0,507;32;302,43
67,57;0,348;1;25,86
45,32;0,541;3;63,38
410,48;0,433;5;811,08
158,79;0,573;88;8770,00
5,23;0,566;72;207,13
397,35;0,189;55;4287,97
18,57;0,112;19;40,44
17,37;0,316;36;192,81
65,83;0,543;26;1016,65
13,53;0,595;23;204,85
60,18;0,135;46;376,11
82,21;0,490;1;41,86
97,87;0,122;45;481,51
97,98;0,305;3;77,30
257,61;0,290;11;745,70
5,91;0,433;159;461,80
86,34;0,522;5;225,33
11,32;0,519;4;26,81
216,83;0,586;2;287,76
34,36;0,157;27;124,69
212,45;0,378;1;75,54
27,45;0,590;3;43,79
57,52;0,600;14;496,94
18,10;0,251;21;105,94
85,85;0,595;113;5945,40
44,31;0,114;128;608,02
110,63;0,475;1;56,59
262,15;0,124;113;3436,27
55,44;0,392;2;41,90
47,76;0,487;1;22,21
68,59;0,266;83;1347,84
11,81;0,102;81;86,52
12,39;0,498;15;103,39
14,63;0,392;121;605,81
15,55;0,388;61;405,68
8,98;0,227;10;20,88
61,04;0,299;11;227,72
30,47;0,102;34;96,84
49,68;0,413;10;218,06
41,27;0,152;1;6,36
167,60;0,488;55;4146,65
78,18;0,275;3;72,17
395,28;0,063;12;310,53
356,86;0,139;207;11449,84
34,06;0,207;1;7,38
44,98;0,201;21;207,43
8,44;0,214;3;5,92
21,07;0,406;107;985,07
47,31;0,248;17;204,90
140,76;0,448;14;927,05
41,36;0,585;5;108,21
46,97;0,471;9;226,94
39,12;0,198;5;35,76
10,48;0,562;239;1369,96
43,83;0,192;1;8,41
45,70;0,154;116;747,17
20,82;0,536;3;38,04
190,09;0,060;244;2859,07
134,74;0,540;3;250,53
61,38;0,569;40;1386,00
127,92;0,330;1;42,23
279,07;0,527;80;12343,66
310,87;0,570;16;2747,48
13,25;0,174;150;317,48
362,90;0,433;12;1845,24
460,53;0,568;40;9691,32
356,13;0,411;2;279,48
25,99;0,166;179;855,87
5,63;0,083;7;3,09
6,76;0,097;12;8,00
456,77;0,170;4;331,88
17,24;0,530;182;1861,95
218,75;0,095;11;206,35
51,71;0,242;1;12,64
67,57;0,382;72;2121,31
124,08;0,483;14;812,31
5,29;0,562;99;310,10
12,40;0,486;1;5,78
71,55;0,260;55;966,39
363,84;0,573;1;188,30
13,41;0,200;34;91,07
73,91;0,215;6;99,47
27,48;0,337;122;1021,87
251,55;0,377;51;4388,49
5,76;0,097;12;6,89
156,63;0,268;10;450,87
207,61;0,163;5;168,44
487,91;0,592;17;5396,29
8,33;0,304;206;547,01
40,12;0,081;6;17,22
24,40;0,406;187;2080,85
87,47;0,190;3;45,34
13,44;0,291;19;68,03
13,36;0,332;148;684,69
6,68;0,545;3;10,06
173,54;0,159;38;1041,34
17,81;0,485;47;358,27
26,38;0,094;19;52,04
163,60;0,421;12;861,51
22,57;0,103;28;59,01
42,08;0,522;84;1967,83
8,00;0,576;25;109,87
474,82;0,127;29;1516,42
7,36;0,337;1;2,50
15,21;0,244;17;59,81
71,93;0,072;1;4,46
9,81;0,462;55;245,30
200,50;0,134;84;2406,52
37,73;0,143;9;46,83
376,49;0,460;2;343,68
51,91;0,074;19;64,25
17,87;0,373;4;24,67
20,33;0,159;14;50,32
30,11;0,494;45;607,21
20,87;0,309;234;1719,59
30,95;0,136;68;263,89
69,97;0,129;90;828,16
17,07;0,107;138;286,21
201,19;0,155;133;3522,91
12,95;0,452;3;18,79
56,73;0,231;1;12,64
7,66;0,301;77;160,00
21,46;0,541;8;90,92
442,42;0,349;29;3808,86
6,63;0,331;210;487,75
95,58;0,300;90;2261,01
22,07;0,384;16;117,86
15,60;0,596;60;621,65
149,95;0,434;2;133,94
5,02;0,194;9;7,93
49,22;0,335;115;1977,45
341,27;0,301;27;2420,96
265,39;0,574;2;284,89
92,86;0,286;17;443,23
182,70;0,477;1;77,11
18,72;0,111;231;472,24
57,97;0,167;83;759,15
38,87;0,439;3;54,26
39,56;0,219;8;79,47
8,83;0,455;2;7,74
129,07;0,106;1;15,45
234,12;0,522;4;554,08
10,55;0,398;3;12,90
143,78;0,343;2;84,15
17,13;0,456;109;822,21
174,89;0,310;20;1115,85
5,94;0,420;48;116,63
5,08;0,562;60;178,13
7,34;0,351;54;129,92
247,38;0,477;129;16879,96
130,58;0,361;7;325,28
49,21;0,273;29;442,78
6,88;0,096;4;2,88
24,26;0,295;7;43,07
30,08;0,313;17;158,26
46,57;0,209;2;18,96
15,91;0,506;37;261,46
19,01;0,282;209;1212,07
368,48;0,279;177;17149,22
5,57;0,370;111;229,17
226,21;0,060;9;125,29
58,48;0,444;4;103,70
316,61;0,073;9;192,13
5,29;0,470;2;4,39
14,72;0,293;47;183,80
196,07;0,179;41;1478,29
85,19;0,313;3;75,45
16,55;0,388;18;123,61
12,65;0,195;2;5,39
149,93;0,367;11;663,35
14,60;0,124;80;143,75
61,17;0,057;35;136,90
219,36;0,508;2;220,38
5,49;0,523;86;251,04
195,71;0,326;5;288,04
111,39;0,468;10;523,29
82,97;0,320;24;678,78
26,88;0,337;98;796,00
20,75;0,589;2;23,89
64,44;0,266;102;1969,18
68,26;0,269;15;309,45
88,69;0,129;93;978,32
185,82;0,426;5;364,85
15,74;0,590;12;113,09
15,29;0,231;8;28,70
235,82;0,189;191;9725,46
22,06;0,191;14;66,46
5,92;0,581;179;704,90
192,68;0,323;151;9588,52
19,27;0,126;87;211,80
10,29;0,425;2;8,40
45,92;0,569;45;1135,83
6,35;0,246;15;24,61
77,22;0,418;199;5661,66
143,69;0,102;2;28,46
48,41;0,324;6;102,44
73,69;0,286;70;1516,07
138,68;0,103;16;236,17
157,58;0,380;23;1189,73
29,64;0,055;7;11,04
162,51;0,108;4;69,88
7,66;0,532;38;162,94
16,10;0,093;1;1,66
390,90;0,302;21;2776,11
191,99;0,303;129;6767,86
88,74;0,311;5;121,30
109,56;0,050;9;46,58
48,35;0,188;64;628,71
239,99;0,085;14;284,69
199,94;0,151;15;403,93
291,19;0,183;3;180,73
370,96;0,060;4;92,68
5,89;0,489;12;35,84
144,17;0,563;2;179,04
19,08;0,543;4;44,94
245,09;0,292;10;725,23
64,68;0,417;4;101,90
13,05;0,106;20;26,05
276,33;0,093;5;137,45
52,76;0,078;4;15,15
122,66;0,386;1;44,50
183,38;0,233;76;2819,07
15,57;0,464;20;151,92
5,14;0,080;184;76,77
340,21;0,221;2;153,64
212,58;0,240;19;910,15
150,23;0,341;2;117,68
15,37;0,124;14;28,22
346,76;0,059;43;917,27
60,52;0,458;13;336,48
38,05;0,320;59;771,79
6,28;0,200;2;2,50
128,44;0,237;2;51,82
9,49;0,507;103;504,41
17,42;0,595;3;27,04
13,51;0,353;1;5,24
89,70;0,097;51;408,28
183,56;0,286;2;100,81
6,06;0,315;2;3,68
68,40;0,587;111;4935,05
43,09;0,079;8;26,62
133,55;0,425;13;818,04
54,21;0,222;2;26,47
5,68;0,206;3;3,35
48,42;0,516;142;3638,48
19,68;0,527;7;72,77
46,03;0,354;72;1173,70
109,29;0,465;3;174,63
54,10;0,435;53;1341,13
7,52;0,171;1;1,22
195,07;0,488;2;206,04
193,19;0,061;4;50,74
423,27;0,201;9;754,59
303,36;0,452;7;882,50
42,03;0,590;112;2879,58
450,72;0,540;6;1265,17
364,46;0,317;4;522,83
225,29;0,585;143;18080,24
118,75;0,159;13;277,78
9,84;0,133;56;69,21
15,99;0,217;66;232,39
30,02;0,544;221;3483,86
390,71;0,326;5;700,82
91,31;0,259;23;470,51
64,56;0,363;9;181,20
52,55;0,418;166;3932,90
6,07;0,449;8;24,86
14,58;0,472;6;38,34
23,19;0,498;151;1877,50
89,58;0,299;65;1550,92
10,79;0,213;158;398,00
18,44;0,555;10;111,01
4,96;0,084;2;0,75
147,22;0,184;49;1367,89
434,97;0,073;120;3308,49
132,80;0,418;82;4612,53
394,86;0,406;3;547,49
41,33;0,422;87;1291,20
85,89;0,053;14;70,14
8,12;0,545;14;69,71
92,55;0,065;23;138,84
8,33;0,508;12;47,68
253,41;0,194;122;6881,02
169,53;0,244;2;94,79
82,50;0,375;5;139,49
160,71;0,083;159;2310,18
6,66;0,446;27;83,57
182,50;0,287;16;942,43
80,78;0,314;18;448,04
16,98;0,477;1;8,32
23,30;0,573;3;35,98
7,40;0,062;5;2,12
74,06;0,266;6;116,24
31,18;0,211;17;118,88
56,42;0,592;78;2772,60
53,44;0,221;8;83,19
213,42;0,267;242;12663,10
240,50;0,389;115;10985,94
22,26;0,124;24;65,76
286,40;0,371;24;2728,64
342,08;0,460;81;14473,48
19,00;0,198;34;116,74
20,34;0,489;13;110,56
5,51;0,077;2;0,88
377,55;0,431;10;1551,45
49,46;0,103;2;10,66
4,99;0,205;27;27,66
279,55;0,406;6;741,46
33,29;0,215;27;217,45
24,73;0,097;1;2,13
405,67;0,385;158;21771,66
58,14;0,522;212;6168,14
33,65;0,188;34;202,85
326,21;0,143;38;1784,36
198,83;0,229;63;2693,41
20,80;0,337;1;7,13
93,67;0,414;1;40,32
50,22;0,075;209;803,46
20,15;0,227;7;28,45
197,65;0,407;3;218,94
38,30;0,544;121;2690,20
166,29;0,592;76;6956,40
37,04;0,403;11;167,37
380,02;0,174;6;451,82
359,34;0,262;43;4043,33
124,93;0,407;15;662,91
37,32;0,212;87;748,22
7,33;0,071;4;2,22
482,14;0,280;55;6880,28
167,97;0,544;26;2219,25
281,52;0,086;143;3523,78
6,04;0,312;1;2,04
30,16;0,589;45;913,19
321,08;0,383;3;355,04
132,97;0,235;5;151,59
10,64;0,242;52;127,22
199,04;0,351;3;219,30
93,07;0,307;66;1756,96
26,42;0,537;6;74,71
30,90;0,432;192;2672,66
297,73;0,550;14;2361,99
7,77;0,502;9;36,67
159,62;0,441;38;2937,20
23,60;0,380;8;69,13
26,89;0,585;60;1017,67
8,42;0,300;34;80,21
30,93;0,511;76;1239,08
20,70;0,054;4;5,07
6,45;0,373;142;290,59
17,06;0,278;172;773,81
38,36;0,124;37;176,97
33,48;0,337;2;25,38
401,53;0,237;2;188,54
393,04;0,503;3;625,42
156,61;0,116;3;47,36
78,43;0,181;2;24,53
19,02;0,261;3;16,54
35,75;0,433;8;113,35
370,12;0,478;157;27790,65
136,37;0,348;104;5500,09
77,36;0,182;9;137,86
328,92;0,459;1;136,03
40,55;0,256;10;90,33
78,51;0,557;81;4018,89
163,05;0,391;156;11394,52
80,44;0,153;168;2023,25
99,16;0,194;228;4251,07
7,74;0,485;102;331,03
7,52;0,174;5;7,06
181,14;0,370;13;946,13
213,18;0,436;2;199,38
10,41;0,210;121;272,87
29,58;0,365;2;19,63
234,74;0,387;9;786,11
17,13;0,415;5;34,23
314,15;0,109;7;274,21
488,14;0,488;47;11314,04
26,03;0,554;6;96,14
31,14;0,409;1;13,97
97,51;0,205;163;3530,34
276,94;0,307;5;418,33
11,60;0,541;4;27,81
150,33;0,332;2;91,11
5,16;0,065;112;33,39
97,27;0,273;211;5346,70
41,40;0,336;3;36,99
5,81;0,180;26;28,01
375,67;0,345;53;5895,79
112,73;0,319;2;76,78
133,92;0,138;30;632,38
18,21;0,484;44;357,96
202,29;0,487;139;14468,84
9,12;0,305;108;298,34
333,56;0,257;3;260,19
216,05;0,550;3;405,70
37,08;0,268;2;21,51
5,66;0,472;78;186,42
54,75;0,460;4;89,38
27,62;0,561;2;30,02
12,37;0,245;3;9,79
20,95;0,232;13;59,60
67,35;0,417;3;83,50
8,65;0,370;2;6,15
6,23;0,550;5;15,82
334,94;0,267;165;16333,90
127,00;0,150;14;233,88
163,27;0,501;7;515,31
80,65;0,244;36;652,54
210,34;0,226;6;269,08
17,92;0,478;41;360,28
66,63;0,392;29;839,19
12,74;0,504;4;25,73
7,79;0,274;14;26,45
29,08;0,165;9;48,91
39,92;0,493;5;102,16
419,20;0,128;4;237,21
5,63;0,435;8;22,52
355,25;0,215;43;3656,71
6,15;0,515;42;114,91
244,89;0,378;11;1001,89
7,83;0,491;81;287,00
121,59;0,472;35;1767,29
143,96;0,423;44;2629,47
139,21;0,477;2;118,82
8,16;0,429;126;506,67
32,35;0,064;222;481,23
140,49;0,338;5;211,06
36,91;0,258;4;41,38
12,95;0,338;33;149,98
186,54;0,051;21;185,86
9,41;0,428;3;13,26
252,36;0,057;17;248,01
446,91;0,305;20;3122,87
87,89;0,572;190;9890,38
5,73;0,260;7;11,59
384,41;0,066;7;155,75
45,27;0,311;2;30,33
225,46;0,192;1;44,37
45,72;0,343;10;161,80
231,05;0,223;164;7603,63
22,24;0,131;13;40,70
50,45;0,198;30;318,70
99,41;0,377;19;742,37
266,71;0,112;12;380,66
146,59;0,329;82;3580,28
4,98;0,098;70;33,03
233,94;0,252;56;2977,53
105,95;0,513;137;6647,48
80,03;0,502;2;70,84
461,03;0,265;35;3935,50
60,83;0,488;18;509,22
12,67;0,542;11;83,30
65,47;0,284;24;454,24
49,30;0,184;150;1323,71
60,51;0,490;14;413,34
258,56;0,304;2;148,29
5,76;0,336;6;9,87
5,52;0,554;6;20,26
364,04;0,088;90;2873,06
45,18;0,238;7;76,21
20,33;0,595;69;855,38
58,91;0,426;7;186,31
12,82;0,539;139;844,72
38,65;0,461;12;204,66
76,32;0,174;8;104,43
74,36;0,410;32;979,75
20,36;0,572;103;1084,90
144,22;0,119;6;108,21
7,53;0,554;1;3,60
24,32;0,362;29;266,72
122,52;0,132;2;28,77
432,06;0,582;130;35848,10
5,97;0,534;149;473,87
107,26;0,389;2;84,03
33,95;0,284;143;1200,09
52,70;0,392;47;1086,67
193,30;0,527;24;2679,80
10,67;0,191;108;250,47
10,01;0,351;1;3,27
48,23;0,106;19;84,03
292,06;0,256;206;14590,22
16,71;0,060;1;0,99
18,58;0,568;3;30,67
300,47;0,549;155;27506,80
6,89;0,303;67;155,23
16,44;0,225;112;434,85
440,29;0,326;36;5662,52
75,80;0,506;42;1468,53
33,16;0,355;214;2268,46
30,36;0,201;3;17,65
12,40;0,268;83;314,78
39,67;0,470;22;419,39
22,72;0,199;17;69,44
315,99;0,336;1;94,81
229,10;0,537;51;6511,35
25,72;0,342;54;449,04
107,28;0,170;61;1061,54
7,53;0,055;3;1,23
127,20;0,124;49;707,46
19,08;0,421;7;56,89
159,12;0,501;2;178,50
29,21;0,510;23;298,21
103,38;0,064;140;818,23
30,84;0,210;3;17,85
42,00;0,115;15;66,81
31,81;0,074;2;4,49
86,66;0,580;71;3105,48
5,70;0,505;3;9,01
18,52;0,374;2;12,54
5,30;0,293;1;1,54
101,22;0,434;66;2754,19
230,13;0,546;113;14541,49
28,43;0,577;85;1320,30
30,93;0,274;60;575,19
5,72;0,124;68;42,54
192,42;0,112;1;22,91
93,81;0,055;41;199,03
8,31;0,443;169;656,64
18,35;0,126;66;167,99
20,40;0,519;13;153,41
161,92;0,268;43;1672,67
10,02;0,231;20;46,72
18,05;0,246;6;26,47
14,57;0,117;2;3,33
18,73;0,305;3;17,58
5,36;0,180;2;1,87
17,74;0,066;4;5,13
432,71;0,237;1;100,86
129,03;0,074;16;146,78
166,99;0,183;23;747,61
459,00;0,487;1;247,36
51,69;0,135;39;249,75
44,69;0,209;14;129,47
7,23;0,485;8;29,20
89,93;0,330;11;279,94
48,62;0,193;32;294,12
8,10;0,306;1;2,57
24,18;0,480;18;202,91
5,45;0,083;4;1,84
19,62;0,164;2;6,38
13,29;0,477;63;391,53
111,74;0,253;125;3735,61
80,10;0,144;14;174,92
6,76;0,169;21;26,15
75,95;0,147;11;132,28
5,43;0,483;69;199,79
58,00;0,173;6;58,63
193,11;0,592;2;212,72
17,28;0,145;33;71,36
11,72;0,138;24;35,79
141,89;0,082;8;106,77
29,34;0,331;3;28,01
69,67;0,406;4;117,22
362,20;0,218;5;406,78
368,07;0,492;14;2849,30
129,92;0,541;3;217,74
11,80;0,419;2;11,29
5,24;0,356;1;1,75
192,97;0,418;1;71,16
108,16;0,134;1;15,67
13,80;0,217;12;32,02
15,12;0,367;53;303,01
313,94;0,477;89;11522,04
16,80;0,072;11;12,45
17,21;0,282;23;126,22
67,71;0,138;14;116,00
263,99;0,575;5;698,74
99,04;0,518;87;4420,46
44,04;0,336;7;98,50
8,70;0,079;6;3,56
27,50;0,363;6;58,54
12,58;0,181;46;117,77
74,03;0,342;81;2194,71
18,63;0,471;52;445,96
16,23;0,225;68;285,68
70,53;0,062;6;28,11
5,81;0,396;39;84,48
164,99;0,262;1;43,42
63,83;0,083;141;689,01
177,17;0,052;2;20,87
442,15;0,078;193;6217,99
84,99;0,260;4;78,60
67,34;0,389;2;54,27
13,18;0,479;16;107,52
27,31;0,550;18;248,50
26,78;0,286;9;76,96
347,22;0,373;5;589,91
164,90;0,354;1;61,73
5,90;0,597;28;98,35
5,47;0,166;3;2,78
97,51;0,138;48;721,93
232,54;0,570;13;1638,42
134,93;0,380;10;490,18
10,22;0,183;26;46,96
13,36;0,563;3;23,90
38,02;0,495;115;1990,39
9,42;0,227;47;99,16
443,42;0,417;6;1059,66
86,06;0,442;230;7890,16
15,24;0,073;12;12,86
7,05;0,538;4;12,98
27,23;0,097;13;34,82
36,64;0,237;2;17,94
87,25;0,268;2;46,99
33,38;0,573;24;425,90
447,63;0,248;1;109,13
274,39;0,320;3;258,02
153,36;0,212;101;3231,34
13,13;0,554;6;45,24
16,22;0,284;15;63,67
249,07;0,325;27;2147,71
86,67;0,403;14;461,23
164,55;0,462;204;13736,98
58,70;0,108;8;45,31
6,42;0,140;11;8,97
10,76;0,399;2;9,77
100,87;0,480;5;253,33
7,40;0,560;81;353,24
4,97;0,357;128;211,23
17,38;0,368;97;565,12
240,82;0,345;238;18671,26
11,22;0,559;1;5,40
7,49;0,519;73;290,23
251,45;0,432;1;98,15
126,07;0,342;4;182,04
9,53;0,305;2;5,58
114,86;0,114;4;55,65
349,54;0,566;2;410,22
7,60;0,101;3;2,07
37,63;0,072;7;16,60
10,20;0,124;2;2,35
102,57;0,494;4;184,60
34,18;0,142;26;120,32
136,88;0,108;124;1668,22
421,36;0,173;65;4073,86
38,36;0,137;19;109,39
125,54;0,127;9;129,46
288,54;0,531;5;780,12
127,97;0,072;5;45,81
404,51;0,057;93;2444,85
90,79;0,404;4;140,98
9,42;0,124;2;2,20
11,37;0,264;14;48,30
13,19;0,259;4;15,17
91,86;0,251;223;5557,73
7,11;0,083;10;5,09
40,09;0,077;1;2,73
92,95;0,080;74;489,22
364,64;0,528;9;1759,09
140,50;0,065;12;100,79
349,29;0,363;5;540,49
8,82;0,295;54;148,34
84,19;0,270;26;606,78
83,35;0,284;1;23,55
28,53;0,103;104;314,96
8,00;0,257;7;13,68
116,35;0,436;45;2471,81
225,04;0,307;4;304,29
6,62;0,147;215;179,33
76,53;0,546;14;672,25
9,35;0,507;6;26,69
7,58;0,053;1;0,36
143,15;0,365;5;291,23
17,74;0,119;157;378,02
5,24;0,578;2;6,95
204,16;0,238;16;720,74
137,95;0,092;3;38,70
62,07;0,600;3;107,20
41,05;0,161;28;190,94
9,19;0,072;128;85,85
5,39;0,225;49;60,62
75,70;0,134;198;1871,71
199,96;0,275;3;151,15
5,98;0,457;67;210,37
19,72;0,371;29;230,19
36,21;0,430;44;620,43
79,74;0,051;6;23,76
27,69;0,583;88;1487,80
5,42;0,394;8;18,71
4,99;0,058;2;0,54
134,11;0,473;33;2152,07
340,05;0,575;5;1091,48
40,13;0,310;25;296,21
12,59;0,397;176;926,24
25,99;0,426;54;598,05
41,55;0,290;30;383,85
177,02;0,185;13;406,94
430,81;0,582;3;832,85
11,02;0,443;33;151,06
249,97;0,315;196;13458,33
8,31;0,582;17;82,66
23,15;0,149;1;3,84
18,24;0,403;11;91,79
6,68;0,210;63;81,69
78,69;0,258;1;20,17
45,67;0,584;2;57,33
26,19;0,528;78;1108,49
16,69;0,060;5;4,33
41,98;0,459;31;538,76
215,56;0,269;4;245,10
120,37;0,178;15;348,77
263,77;0,369;5;442,05
6,68;0,421;186;461,69
5,85;0,429;184;459,56
14,58;0,499;2;15,98
76,02;0,308;13;314,02
426,74;0,563;1;256,58
10,52;0,079;195;176,45
111,56;0,469;6;279,03
64,19;0,358;1;24,74
5,16;0,185;2;2,02
95,87;0,320;124;3717,86
51,89;0,098;109;542,30
19,38;0,565;4;49,04
24,49;0,116;109;279,33
29,44;0,386;40;484,41
7,34;0,319;50;106,90
254,55;0,428;4;433,28
58,92;0,408;3;66,95
232,24;0,294;4;295,54
110,29;0,142;126;2214,00
239,96;0,452;2;209,11
74,46;0,236;145;2270,23
5,65;0,185;1;1,15
58,35;0,395;123;2674,27
47,46;0,391;1;17,22
5,55;0,545;131;392,67
102,26;0,227;25;588,91
442,30;0,323;5;785,35
136,61;0,249;3;112,92
387,91;0,095;1;39,29
9,42;0,507;183;827,97
32,97;0,237;9;76,83
12,76;0,173;226;467,46
8,01;0,305;28;68,56
107,90;0,380;14;593,58
36,17;0,306;36;442,69
36,01;0,350;2;24,68
379,96;0,209;152;12943,20
18,78;0,569;4;39,03
260,80;0,461;5;538,99
163,16;0,359;12;621,99
113,41;0,193;72;1408,80
387,58;0,303;51;6229,42
218,33;0,282;112;7410,53
47,55;0,160;6;46,44
26,06;0,248;2;12,74
65,84;0,525;2;65,82
195,68;0,556;117;14143,17
355,00;0,547;7;1401,01
342,60;0,414;42;6397,98
7,29;0,481;3;9,32
121,71;0,415;4;188,89
36,77;0,294;76;706,22
15,74;0,128;3;6,56
64,42;0,368;51;1163,76
317,60;0,537;173;29974,17
50,29;0,448;4;101,79
16,32;0,322;14;68,09
11,65;0,135;220;337,53
26,39;0,293;16;118,99
207,96;0,381;2;179,59
358,95;0,566;15;2759,38
29,91;0,475;11;171,23
86,98;0,391;34;1292,74
18,97;0,432;8;68,22
30,46;0,070;4;7,72
279,63;0,525;4;620,11
317,50;0,578;63;13270,85
11,67;0,160;53;106,07
454,58;0,327;3;477,48
119,99;0,510;86;4485,69
10,61;0,081;18;16,13
8,42;0,434;24;88,92
19,03;0,062;181;219,05
19,28;0,545;7;82,94
10,44;0,258;13;31,67
9,32;0,584;10;49,01
15,87;0,076;22;23,02
82,11;0,526;13;491,83
51,56;0,093;17;84,77
207,59;0,497;8;913,87
11,51;0,398;9;37,65
7,71;0,579;54;273,14
153,19;0,493;20;1319,37
16,52;0,515;86;693,69
254,79;0,177;20;861,74
201,57;0,409;3;214,17
30,64;0,337;184;2084,20
14,65;0,229;132;384,48
66,03;0,330;7;141,03
39,09;0,295;1;11,18
5,72;0,219;4;5,58
10,87;0,578;2;13,08
10,92;0,143;2;3,04
40,44;0,436;181;3388,80
23,04;0,148;19;58,43
16,06;0,447;145;885,75
12,07;0,459;12;67,19
5,95;0,299;195;374,04
10,30;0,545;3;18,73
47,55;0,411;3;64,54
239,86;0,286;1;71,13
16,10;0,166;73;207,51
77,15;0,486;8;322,42
160,89;0,433;105;8035,41
7,94;0,534;3;12,64
6,83;0,483;12;37,73
5,83;0,355;17;34,33
267,05;0,311;14;991,83
180,65;0,068;2;27,53
33,31;0,100;153;508,80
13,85;0,084;219;271,46
93,77;0,127;70;717,72
72,42;0,553;208;7252,45
16,07;0,576;19;164,17
22,85;0,156;27;109,85
400,11;0,139;3;169,70
10,48;0,300;169;577,05
100,89;0,571;48;2683,80
5,40;0,399;3;6,09
215,00;0,133;8;225,46
12,08;0,214;2;5,74
225,92;0,144;8;262,23
46,66;0,432;5;86,06
35,69;0,417;1;13,54
35,47;0,392;166;2217,82
13,59;0,101;35;48,50
63,16;0,113;9;70,44
14,24;0,067;1;0,87
162,56;0,566;73;7711,95
59,90;0,240;5;79,84
126,39;0,538;95;5824,22
449,77;0,128;10;489,85
18,32;0,553;17;163,54
262,05;0,349;8;806,92
10,49;0,082;2;1,80
211,81;0,205;46;2154,39
26,99;0,153;1;3,74
100,25;0,103;60;698,45
393,65;0,354;85;10489,27
20,85;0,567;12;136,32
126,76;0,142;212;4299,66
255,14;0,060;38;511,50
391,05;0,587;24;5060,96
60,26;0,387;235;6191,11
28,22;0,522;185;2919,87
384,04;0,458;6;950,49
415,67;0,286;4;489,54
9,74;0,392;84;368,42
353,51;0,416;13;2194,47
468,79;0,565;11;3321,63
179,58;0,230;2;73,86
29,58;0,561;3;55,22
32,54;0,167;5;27,33
131,49;0,219;69;2191,92
14,93;0,163;18;42,97
13,65;0,571;84;739,39
40,59;0,133;1;6,09
65,81;0,283;59;1208,12
18,68;0,342;21;153,94
24,40;0,242;3;20,30
24,59;0,583;82;1343,71
167,57;0,335;195;9477,84
6,16;0,337;11;23,24
18,34;0,535;11;109,39
6,61;0,497;34;120,68
30,47;0,220;75;573,26
273,72;0,575;3;467,94
35,39;0,151;23;108,85
24,56;0,212;3;13,99
35,84;0,493;150;2832,62
33,72;0,587;3;67,15
8,11;0,376;5;15,43
179,07;0,216;2;66,43
216,28;0,117;145;3652,82
121,56;0,556;31;2006,55
101,53;0,576;14;777,74
221,75;0,498;149;17128,93
61,86;0,214;75;1034,20
9,68;0,114;5;5,73
43,39;0,298;39;570,83
324,73;0,443;3;481,13
118,56;0,104;24;275,58
117,84;0,436;121;6240,95
6,99;0,263;61;98,71
42,49;0,382;12;202,16
44,85;0,508;129;2830,10
192,83;0,293;55;3401,75
11,18;0,066;11;7,15
5,37;0,383;15;26,65
26,95;0,144;11;38,12
61,43;0,341;6;139,29
148,73;0,271;113;4120,25
13,61;0,154;2;4,69
7,62;0,572;34;141,09
121,93;0,275;115;4068,50
5,89;0,108;2;1,36
368,60;0,587;16;3810,50
146,10;0,592;3;268,19
143,57;0,370;79;4093,93
137,59;0,120;153;2674,32
19,60;0,356;1;7,52
180,63;0,539;35;3689,86
374,90;0,284;10;1078,79
288,97;0,412;187;24364,54
167,15;0,210;36;1116,49
11,84;0,535;99;555,34
42,91;0,598;12;286,14
8,30;0,544;39;151,05
11,63;0,125;10;13,13
38,86;0,379;30;475,43
29,52;0,519;20;331,16
65,59;0,531;47;1730,29
265,13;0,301;3;229,20
94,70;0,549;6;348,78
157,44;0,522;125;10509,00
5,24;0,187;15;16,68
88,02;0,502;3;136,77
52,14;0,447;10;210,80
105,07;0,052;57;342,67
360,53;0,125;104;4051,03
266,99;0,511;8;1125,75
54,12;0,496;142;4383,62
23,42;0,166;1;3,98
59,72;0,553;12;404,71
90,23;0,573;3;138,86
324,47;0,388;1;136,23
10,30;0,131;155;191,82
274,07;0,070;14;297,65
105,14;0,191;3;59,57
169,44;0,076;107;1310,91
156,10;0,074;5;60,24
230,40;0,512;3;329,14
44,89;0,226;5;50,06
7,54;0,230;35;53,47
5,68;0,326;8;15,28
17,59;0,251;7;30,63
33,84;0,590;35;618,66
241,41;0,475;35;4108,82
17,82;0,219;8;27,56
6,04;0,141;1;0,93
131,79;0,147;1;20,83
5,57;0,391;17;37,40
12,32;0,183;103;242,45
6,22;0,116;106;76,99
63,15;0,456;24;661,03
139,36;0,513;142;9647,33
443,93;0,545;11;2655,75
22,85;0,183;131;501,37
9,52;0,171;1;1,80
12,09;0,574;1;6,50
24,97;0,322;7;49,59
8,53;0,324;220;518,11
165,34;0,436;58;4211,15
311,00;0,502;7;1238,47
106,68;0,422;243;10413,34
289,52;0,390;9;1145,01
235,82;0,383;64;5205,36
76,40;0,319;111;2624,58
380,03;0,236;10;990,26
34,44;0,547;10;172,44
5,01;0,327;65;108,26
27,72;0,586;135;2275,51
364,68;0,292;227;22686,72
306,14;0,076;83;2004,90
9,72;0,567;12;68,78
150,34;0,102;28;461,53
12,02;0,494;130;836,35
332,58;0,566;13;2674,49
48,52;0,176;2;19,35
108,16;0,198;20;416,94
9,03;0,574;49;220,61
71,97;0,317;185;4136,64
106,82;0,206;8;192,27
105,42;0,237;2;42,86
7,28;0,538;1;4,40
67,55;0,278;1;20,08
143,30;0,277;7;301,24
220,38;0,259;13;660,96
27,52;0,560;113;1706,19
10,77;0,101;7;8,03
17,51;0,132;37;93,70
323,25;0,325;17;1915,68
26,75;0,333;11;93,25
26,97;0,237;77;461,34
41,65;0,076;41;137,64
29,98;0,422;224;2857,06
60,53;0,065;19;69,98
313,78;0,179;3;145,69
7,99;0,327;4;10,02
57,59;0,352;71;1336,60
64,28;0,372;3;65,20
21,37;0,562;130;1374,12
129,73;0,364;5;202,45
37,12;0,183;19;112,18
19,07;0,530;3;30,85
5,98;0,311;4;7,69
64,70;0,472;2;65,01
8,45;0,142;3;3,88
368,56;0,569;56;12559,01
36,47;0,383;3;37,02
161,70;0,536;5;432,79
61,76;0,519;49;1392,84
5,79;0,070;72;27,20
260,29;0,370;172;17740,21
20,27;0,496;214;2309,09
154,85;0,455;5;326,36
62,91;0,263;108;1657,65
156,15;0,591;4;380,62
10,22;0,234;34;82,05
218,44;0,597;4;577,54
385,02;0,073;14;398,90
100,43;0,341;7;211,01
18,03;0,579;18;209,35
5,89;0,238;13;18,67
13,43;0,417;66;333,91
21,13;0,539;3;30,92
139,35;0,448;4;220,97
279,91;0,520;225;30516,66
441,03;0,252;206;23378,54
140,05;0,321;4;191,95
113,91;0,599;6;365,24
8,13;0,476;15;55,94
51,28;0,319;1;18,59
12,10;0,242;97;307,95
60,46;0,220;97;1403,16
237,39;0,228;208;10234,90
229,16;0,294;5;345,82
31,26;0,518;161;2964,94
436,20;0,133;101;5203,65
77,05;0,338;3;70,43
171,16;0,331;62;3126,85
42,37;0,376;21;351,68
411,12;0,489;1;212,93
26,22;0,597;7;102,49
483,90;0,412;143;32182,60
5,29;0,151;10;7,95
293,21;0,110;9;331,55
102,71;0,481;19;875,36
8,31;0,239;3;5,69
14,19;0,080;11;12,25
74,40;0,243;14;256,87
79,16;0,140;9;85,73
127,25;0,240;28;733,60
343,21;0,203;7;457,21
34,00;0,054;4;7,29
419,85;0,300;31;4293,86
32,68;0,354;3;32,55
75,40;0,254;3;65,72
20,43;0,372;17;133,73
14,92;0,508;21;169,76
430,01;0,488;30;6062,41
47,42;0,116;1;5,88
225,62;0,291;16;1185,58
124,28;0,126;51;873,68
20,05;0,408;105;930,42
114,75;0,259;3;91,13
16,57;0,363;14;91,08
42,50;0,435;9;168,16
66,23;0,190;21;268,19
8,15;0,546;5;22,02
97,99;0,296;3;80,36
67,07;0,125;3;21,69
12,45;0,112;66;96,13
96,39;0,120;10;124,72
261,76;0,502;25;3252,42
480,32;0,146;34;2332,07
5,55;0,556;9;25,12
11,01;0,059;92;59,15
106,97;0,342;4;164,48
178,97;0,303;33;1583,83
17,25;0,249;117;550,52
92,58;0,520;16;768,67
182,45;0,225;186;8125,47
6,12;0,251;2;2,77
102,49;0,566;22;1092,39
7,96;0,084;60;34,98
384,51;0,402;9;1597,25
6,94;0,499;40;140,03
40,02;0,474;15;272,40
226,35;0,057;47;691,54
426,48;0,316;21;2520,57
26,19;0,097;130;321,35
58,16;0,278;82;1473,14
22,44;0,512;160;2053,84
203,40;0,148;8;214,00
121,04;0,391;2;96,90
39,73;0,420;7;110,88
33,86;0,190;179;1232,95
87,14;0,162;5;78,42
12,36;0,515;1;6,62
47,49;0,274;5;66,99
19,43;0,244;100;535,06
238,87;0,052;68;854,85
32,41;0,593;204;3761,37
145,82;0,243;25;995,00
79,27;0,288;73;1773,44
13,70;0,494;158;1137,80
22,37;0,528;83;853,87
8,93;0,557;27;122,05
43,47;0,494;29;618,51
320,53;0,285;1;104,33
47,91;0,457;5;120,27
58,49;0,071;41;163,81
